RPCA1,RPCA2,RPCA3,RPCA4,RPCA5
-0.111940989,-0.003886138,0.013508945,0.026228877,-0.020065243
-0.149904474,0.018145363,0.003141534,0.006653032,-0.007380058
-0.054739053,0.012057416,0.003076276,0.014252414,-0.004585877
-0.144214522,0.009934261,0.03103462,0.028203325,0.00643821
-0.145132257,0.044605441,-0.000712209,0.017069958,-0.001212877
-0.072347806,0.013175315,0.009454385,0.018946881,0.002631774
0.207374161,-0.048673461,-0.034413448,-0.026333756,0.007441359
-0.088138824,0.015912226,0.003487043,0.003478862,0.02063589
0.178683215,0.00082548,0.010858983,-0.027951824,0.019048445
-0.019089178,0.001626487,0.028268944,0.031136898,0.013441441
-0.359042332,0.01277105,-0.005717536,0.021980822,0.002310287
-0.017874199,0.055430255,0.013545174,0.01637899,0.028526096
0.140522146,-0.106582641,0.035414768,-0.000890517,-0.018518812
-0.001447951,0.005604533,0.012817485,0.006106374,0.004987643
-0.036985631,-0.036032695,0.008974058,0.004669587,-0.003475164
-0.121723283,-0.00888044,0.000287656,0.017957141,0.005925527
-0.149545638,0.011050297,-0.013327894,0.006896344,-0.005941484
-0.069231423,-0.006369919,0.010723093,0.016293594,0.00468785
-0.1158734,-0.032074104,0.020172205,-0.001901485,0.034091888
-0.180685986,-0.034468904,-0.001163559,0.01183856,0.015242873
-0.197547552,-0.04458173,0.021801392,3.18E-05,0.026394128
0.242384837,0.104903024,-0.016076407,0.004850162,-0.016680538
-0.095564737,0.01176347,0.005646512,0.002466037,0.023501239
-0.123583799,0.032454493,-0.002463353,0.00165098,0.00860407
0.469440301,-0.076957196,0.049948048,-0.032632508,-0.037360699
0.091130963,0.021664798,-0.005841636,0.009427722,-0.004731778
0.125282205,-0.034461646,-0.002809765,-0.001557356,-0.003723658
0.081784034,0.026497499,0.001382312,0.010094354,0.006419856
0.133125463,-0.006937386,0.004382804,0.005101778,-0.002483778
0.125421022,0.002347436,0.01948504,0.000917177,-0.009653363
-0.090485949,-0.057604231,0.013057696,0.009810777,0.000678706
-0.095539575,0.022389533,-0.001712355,-0.000358108,0.005234746
-0.087649379,-0.010185022,0.003800591,0.003845075,0.006117551
0.068394223,0.05518851,0.010495347,0.002553558,-0.004205945
0.052166829,0.020322165,0.013608351,0.000152481,0.003807393
-0.02539704,-0.004924738,0.001985809,-0.005978818,0.00500731
0.337725807,-0.02037019,0.050931585,0.028099683,-0.0073228
0.116601742,-0.084956586,0.017420247,0.013710163,-0.003434019
0.028698836,0.01370432,0.004899142,0.006945033,-0.006407355
-0.034339375,0.001790335,0.009737159,0.001289163,0.004836364
-0.042372171,0.008574927,-0.004509632,-0.00346344,0.002941973
0.08063463,0.030935106,0.006235639,-0.004497354,0.009876711
-0.011699374,-0.004887203,0.017322186,-0.000466826,0.003215
-0.038056387,0.017289108,0.00791737,0.000413411,-0.007028288
0.041555159,0.008843631,0.00388742,-0.000447749,0.005119795
-0.05158185,-0.007608752,0.003002034,-0.00482027,0.002448415
0.054081882,-0.012672535,0.012055526,-0.00265124,0.022970769
0.161616979,-0.014667082,0.023750607,0.00510833,-0.0053213
-0.008010994,-0.073543711,0.022583222,0.015223197,0.006344071
-0.035024065,-0.017301955,0.007706618,0.006248005,-0.002433839
-0.004711861,-0.016488745,0.007038088,-0.000124547,0.004871624
0.022690236,-0.004850973,0.015440672,0.009474401,0.009501847
-0.016369037,-0.0110696,0.008259339,0.00412876,0.008237201
0.116246463,0.001596908,0.005182433,0.007147584,0.008603798
-0.02103781,-0.022771191,0.011525919,0.009326127,-0.000474233
-0.029073117,-0.012453012,-0.005874045,1.71E-05,0.007015908
0.005723199,-0.010447784,0.007908051,0.00674723,0.00550862
-0.072833283,-0.024826104,0.007187656,-0.00126479,0.009917269
0.134460723,-0.017385666,0.017249568,0.006165191,0.011877862
0.016935023,-0.01434786,0.004373145,0.006984007,0.001087731
-0.08884763,-0.054697614,0.002133377,0.000819903,-0.005052249
0.008736108,-0.039388159,0.011856454,0.010930832,0.00339273
0.105620668,-0.023185537,0.011556727,0.006873371,0.003869464
0.152768423,0.027500638,0.004737613,0.018845691,-0.008498827
0.088892938,-0.033888947,0.000431528,0.01058221,0.00520952
-0.015815314,-0.015254084,0.005526636,0.00520694,0.009818277
0.109150258,0.021657474,0.005950122,0.016436986,0.00692082
0.127154311,-0.031724756,0.010437764,0.011032562,0.010653623
-0.03360369,-0.008019009,0.008224371,-0.002442095,-0.010247577
-0.35452096,0.05495908,-0.010431801,-0.025237295,-0.015011406
0.088114452,-0.012476304,-0.000384677,0.017592635,0.014519139
0.020912567,-0.002172436,0.004599001,0.011065527,0.007856488
0.138422849,-0.026964396,0.020565329,0.004580941,-0.003439808
-0.072272588,-0.018493877,0.003625608,-0.001392992,-1.33E-05
0.157245389,-0.004974,0.003927705,0.005282118,0.016198302
0.021478768,-0.0167706,0.00922416,0.006622816,0.00558257
-0.044134263,-0.006645,0.003494317,-0.003463549,0.000939808
0.096425613,0.009783335,0.00747674,-0.00030589,0.002352066
0.038517361,-0.001248,0.015516321,-0.002413491,0.010257972
0.132706259,0.006809239,0.011052434,0.003572957,0.001091421
-0.024969506,0.003132192,-0.00029104,0.015086519,0.006900423
-0.205286419,0.004055502,-0.022297484,0.002903336,0.008957961
0.133859115,0.002826745,0.002157943,0.017612445,0.021389206
0.084166389,-0.035954441,-0.003893698,0.022060699,0.006896315
0.132105162,-0.014956984,0.003908394,0.037659875,-0.011517079
-0.054757282,-0.003931368,-0.01744498,0.029263892,-0.000921069
-0.326180279,0.027747927,-0.011633806,-0.03628794,-0.009130438
0.096893846,0.005604388,0.018021264,-0.004275203,0.006855929
0.136562915,0.008248812,0.021914654,-0.006453223,0.012408424
0.073399961,0.003230313,0.008871579,0.001719025,0.00884977
0.175297345,-0.00555766,0.005480503,0.009234329,0.012176366
0.081503314,-0.042952584,-0.001130692,0.016943209,0.003254127
0.050764058,0.002877918,-0.005612725,0.019217146,0.004020696
0.03540989,-0.024094489,-0.008275932,0.024379497,0.000231959
0.141459548,0.053000617,-0.043047916,0.044331101,-0.002154024
-0.083203894,0.002719108,0.017548499,-0.023812851,0.00522453
-0.053918773,-0.046818667,0.039648807,-0.015816615,-0.000229605
0.008215553,0.019518448,0.017934658,-0.002822273,0.009316888
0.12496735,-0.005766665,0.018407057,-0.012599668,0.016801911
0.009243324,-0.042614407,0.022653599,0.002497334,0.016045519
0.029755498,-0.01832504,-0.001400952,0.005017995,0.015365657
-0.055684938,0.001878516,0.034299518,-0.001451843,-0.012321264
-0.056875306,0.015915664,-0.017294005,6.79E-05,0.000873833
-0.160396452,0.005708145,0.011749398,-0.007901617,0.01016335
-0.165845638,0.006908724,0.018153747,9.46E-05,0.018316641
0.121952654,-0.0018761,-0.00432729,0.016047311,0.005240065
0.051164297,0.034932801,0.028284117,0.003017923,-0.000572622
-0.059988542,-0.016626897,0.014946724,0.00434937,0.011288992
-0.076407318,-0.012824256,0.012212601,0.019412971,-0.012737078
-0.105954067,-0.014415081,0.033294849,0.013199508,0.020904598
-0.036286727,0.001136092,0.022618797,0.011556825,0.00931602
0.083682562,0.004739158,0.007867059,0.00322622,0.00518106
-0.078468481,-0.015953993,0.015002856,0.01997114,0.003055187
-0.066099574,0.003801337,0.021390204,0.01910698,0.015491031
-0.059371515,-0.015201032,0.019800012,0.019227529,0.017910142
0.184453805,0.085195102,0.008684589,-0.016037312,-0.006445243
0.051661323,0.000140171,0.043915243,0.019338142,0.01859773
0.257803815,0.020056775,0.005409916,0.000186282,0.002891277
0.140759557,-0.022067917,0.020523307,0.022479526,0.013227488
0.014141528,-0.001138315,0.011012983,0.00700159,-0.004345843
0.103430521,-0.04363996,-0.012391465,0.00464027,-0.025086159
0.081347642,-0.007564981,0.033988442,0.023444122,0.012247769
0.073334431,0.00130986,0.031037134,0.013495912,-0.000159093
0.132256615,0.015142095,0.020042101,0.017956153,-0.009896409
0.084500478,-0.070715839,-0.007913859,-0.005471557,-0.00550638
0.068931656,0.003281961,-0.004981086,0.009772628,0.003338861
-0.068995498,-0.016663212,0.02801327,-0.004568449,0.000479441
-0.049074699,0.035872123,0.001214857,-0.010295161,-0.014345531
0.025220398,0.01968624,0.029164141,-0.004421261,0.02425489
-0.105988919,0.028008263,0.021079102,-0.005266625,-0.011859416
0.072640135,0.000648917,0.009152155,-0.004792056,0.020793934
-0.041387375,0.005298684,0.0173449,0.011954836,0.005042816
-0.049116261,-0.013710052,0.017203233,0.011849761,-0.031716498
-0.116294669,0.000923058,-0.001994697,0.003227755,0.002036694
0.011866241,0.01306198,0.014927074,0.006874097,0.007019558
-0.026328025,0.01541761,0.009718246,0.010124361,0.007762678
-0.119644605,-0.015623552,0.005319996,0.003004417,0.00729404
0.042020456,0.013603786,0.003644867,-0.004048871,0.010294413
-0.087194069,0.018061277,0.016054542,0.015342888,0.007786282
0.217130528,0.042308089,-0.001270998,-0.021094137,0.001461926
-0.019560904,0.006632008,0.033557009,0.010710233,0.006191771
-0.036637012,0.023251911,0.014761088,0.006827825,0.007992463
-0.044445211,0.017960662,0.026475812,0.002118099,0.012802162
0.029030368,0.019240265,0.005978496,0.001329996,0.010126023
0.204284583,-0.016801863,-0.011077899,-0.017617675,-0.011844101
0.031554487,-0.009799687,0.009919062,0.01204339,-0.008915129
-0.033686045,0.018019961,0.022968439,0.009861364,-0.001346898
-0.028349017,0.007680264,0.023063294,0.011665216,0.006504638
0.077256505,0.046093127,0.008196529,0.008113354,0.004430413
0.02449946,0.015521158,0.016860358,0.008067035,0.013723682
0.01721221,-0.027650856,0.003066661,-0.008858946,0.005862301
-0.021762663,0.001310737,0.015227415,0.007584795,0.003175312
-0.110355386,0.005804966,0.010856694,0.011307851,0.005433883
0.065153409,0.035654359,0.017346581,0.012291657,0.008311692
0.124664153,0.029927812,0.007657708,-0.001954722,0.002182138
0.06966299,0.015987361,0.008543898,0.001932915,-0.004010433
0.0243956,-0.007721565,0.009153285,0.008616283,0.002709362
0.133010693,0.038709584,0.020943053,0.011331569,-3.74E-06
0.092313664,0.022035107,0.020727935,0.01407449,0.001593924
-0.004837566,-0.026615192,0.001493445,0.000941345,0.008780751
0.080031851,0.029536369,0.008543497,0.007842446,-0.00088562
0.005821017,0.015858057,0.018705579,0.016636646,0.0045782
-0.163505383,0.009068675,0.007838287,0.004353386,-0.003103607
0.091111596,0.066893144,0.012197967,-0.019914668,-0.00266864
-0.142421498,-0.041616933,0.001172597,-0.01507108,0.015035979
0.074731785,0.043515556,0.00737368,0.007714879,0.005033165
0.000257344,0.023903023,0.005178528,0.003916778,-0.006095812
-0.066178646,-0.00625865,0.007439262,0.002081256,0.010839869
0.232968232,0.055617025,0.010950586,0.010439708,-0.007812556
0.124048326,-0.016290847,-0.005211457,-0.00020204,0.005136881
0.032045119,0.001557551,0.011398147,0.015878773,-0.005108143
-0.055309213,-0.000538811,-0.006529453,0.011749893,-7.09E-05
-0.002659217,0.006876299,-0.003128955,-0.000125385,1.09E-05
0.057153151,0.039646681,0.021907555,0.000355302,-0.006073869
0.07157151,0.029360128,0.01378726,0.013069696,0.007461387
0.054064774,0.029193674,0.008935988,-0.005211497,-0.000270094
-0.044610095,-0.009445506,0.005183889,0.010405313,0.008880288
-0.550449361,-0.006412708,-0.031304307,-0.037565945,-0.010435693
-0.11572088,-0.033592832,0.018607567,-0.007702451,0.03210077
0.142195299,0.04598851,0.009352437,0.00787898,0.038568248
0.087673358,0.003151063,0.020133389,-0.011611691,-0.037475277
0.139785528,-0.001416973,0.011743146,-0.008020074,0.021285269
0.028688546,-0.058487563,0.020311481,0.009181855,0.020799518
0.020120179,-0.006323356,0.012370646,0.014120564,0.004338729
-0.029001654,0.024324683,0.006777888,0.001628486,0.000682819
0.118861094,0.008106147,0.007653474,-0.010582934,0.012553163
-0.031297464,-0.006463444,0.009924594,0.010179281,-0.009527357
-0.061840956,-0.010040658,0.011196077,-0.000678272,0.005116535
0.046467736,0.029973442,0.010171063,0.010124024,-0.000624624
-0.012114194,0.036636,0.011534255,0.008735703,-0.003251787
-0.064902223,0.013395996,0.0022323,0.001096729,0.007132633
0.048794335,-0.006236352,0.004705499,0.00491265,0.01531754
0.099671403,0.03425809,0.004436309,0.009523356,-0.010912367
-0.010272971,-0.024869703,0.009612761,-0.000609187,0.017683313
0.029037834,0.005416094,0.010740848,0.015726798,0.001126543
0.074675653,0.033498381,0.008013089,0.001447132,0.009743858
0.064305375,0.018620763,0.002932271,0.003661728,0.006045962
-0.036364913,0.008657653,0.018178617,0.004207362,-0.002889548
0.092715073,0.068015167,0.008138451,0.016667558,-0.002293499
0.038948956,0.008227905,0.005300345,-0.005975697,0.013038348
-0.016708631,-0.005901852,0.00090685,0.012941787,0.00701006
-0.113081614,0.01632638,0.000376144,0.012425667,-0.001350589
0.003310556,0.02236502,0.007070459,0.007767111,0.012364717
-0.000323744,0.030130936,0.008770309,0.004019032,0.00871253
-0.168212116,-0.021476741,-0.008374161,-0.00214488,-0.012476234
0.037199656,-0.001070075,-0.001746356,-0.001476561,0.011531617
0.045301724,-0.000770761,-0.001357956,0.004870154,0.014563482
-0.081813879,-0.012690206,-0.007107698,0.013977865,0.000208522
0.141432437,0.05807799,-0.005646486,0.007443734,0.012186144
-0.014029701,-0.012197495,0.006886695,0.015232577,0.007292676
-0.078705901,0.023171645,0.013840726,0.019307724,0.001520405
-0.245144105,0.003615525,-0.00188607,0.005550046,0.009398333
-0.171243437,0.016294134,0.010257875,0.024379725,0.004560268
-0.102585701,0.042524767,0.006125445,0.017485965,0.002203574
0.137088202,0.045545473,-0.008125468,-0.034846012,0.025497605
0.053042364,0.035778688,0.018498113,-0.00137324,0.041539958
0.142251517,-0.020618465,-0.020194922,-0.011753802,-0.005625987
0.194300398,-0.027783321,-0.001668566,-0.009642677,-0.022595412
0.098285112,-0.030705941,0.007562145,0.019253533,0.00391921
0.001976471,-0.001861719,0.014938923,-0.00197595,-0.005853032
0.075626243,0.022555616,0.007539007,0.003086381,0.01182364
-0.09731646,-0.013227163,0.011702455,-0.000829819,0.00659888
0.07261731,0.028044569,0.003186085,0.009701075,0.010952266
0.053004591,0.003462367,-0.00040881,0.003071112,0.01402763
-0.013241596,-0.021500161,0.004571265,0.005824438,0.004662754
0.035404761,-0.006610148,0.001349493,0.011827784,0.001305729
-0.088550977,-0.013152606,0.00231364,0.004024162,-0.008190955
0.168061137,0.086192694,0.007365419,0.018544241,0.035080988
0.113348654,-0.118866786,-0.000492476,0.007940198,-0.029910194
0.0549673,-0.014991646,0.017325821,0.009610552,-0.007156693
-0.060226611,0.003016008,0.023515865,0.005044886,-0.005551259
-0.039343503,0.063585435,0.021321491,-0.006757712,-0.012022082
0.006009821,0.003406158,0.005979276,-0.003680811,0.001217269
-0.072999759,0.024699303,0.012712217,-0.003486398,0.003533913
0.065772357,0.02773202,0.010951076,0.001879853,0.006544715
-0.058654108,0.000523772,0.007498965,-0.003034003,0.004064674
0.02971441,0.006098119,0.008122013,0.006858056,0.014630336
0.04811648,-0.00572218,-0.003928883,-0.000247318,0.022044326
0.125997196,-0.027272474,-0.006185088,0.005358148,0.001691012
0.057341063,-0.00501298,0.02558602,0.013844897,0.011499231
0.056214185,-0.021789989,0.024455864,0.023322,-0.006059778
-0.025976331,0.038291292,0.037801445,0.014257142,-0.006486074
0.055504338,0.010046453,0.017414336,0.008802445,0.010927011
-0.059377097,-0.004123237,0.004034452,0.000651294,0.000542868
0.076000851,-0.006475827,-0.019217878,-0.003899128,0.010498412
0.008224001,0.00710759,0.013469269,0.009132689,0.006782485
0.007156067,-0.009959763,0.017978758,0.009379649,0.002874935
0.079727781,0.011917293,0.007713354,0.00803382,0.007800425
0.026223301,-0.025618292,0.003189172,0.011448146,0.012144094
0.040062053,-0.022413305,-0.007992662,0.006108237,-0.016740936
-0.051592935,0.003620923,-0.00872146,-0.005036934,-0.005248847
0.052617461,0.012670552,0.017131529,-0.005379253,0.030690153
0.061969017,-0.001828477,0.005201523,0.009655778,-0.011555753
-0.024073631,-0.023001977,0.001956665,-0.001785784,0.016945646
-0.102349168,-0.006958369,0.003302811,-0.000197371,-0.002558273
0.000853235,0.021805754,0.015651356,0.002326437,0.005782387
-0.013750958,0.016507565,0.002630755,0.003900173,-0.015338868
-0.061381224,-0.000585893,0.016844905,-0.003437494,0.003160241
0.043518197,0.029206275,0.005645791,-0.003017434,0.005097712
0.092765082,0.012398558,-0.007372072,-0.002034335,0.019078303
-0.0216054,-0.034650628,-0.000249208,0.010723298,0.006521421
0.004728368,0.018420673,-0.005828934,0.010349282,-0.006095034
-0.085588103,-0.013782383,-0.007661158,0.002164288,0.000346869
0.015510857,0.018915261,0.018404175,0.007040052,0.026920411
0.011400398,0.014023441,0.007142403,0.004558829,-0.03381031
0.074580853,0.021555743,0.006807573,-0.004945576,0.006796925
0.036085064,0.014698101,-0.003305257,0.001539414,0.003850521
0.037039788,0.005280053,0.011752612,0.012954538,-0.009909592
0.036931725,0.02191578,0.005144777,0.004047101,-0.016243964
0.082330915,-0.01852615,-0.01304465,0.009904452,0.008641474
0.09722686,-0.005178637,-0.011016183,0.004400735,0.014204286
0.033440545,-0.019688791,0.015021199,0.008960106,-0.008964559
0.039539833,0.022960301,0.006442022,0.014773499,-0.014141936
-0.078850491,0.031684305,0.008184052,0.017287918,-0.001733424
0.071395703,0.031079566,0.007797565,-0.008832455,0.009900362
0.024668022,-0.000749512,0.023765399,0.01273035,0.003683407
0.014431098,0.021507837,0.002294736,0.008845216,-0.019615073
0.047877905,-0.01023689,-0.00475265,0.000944875,0.010046822
0.033925549,-0.009060354,0.00736783,-0.003116836,0.001066095
0.087237927,-0.043100089,-0.02225659,0.003366978,0.006977751
0.065914709,-0.032552118,-0.004992194,0.018770197,-0.01236223
-0.06134874,0.035777946,0.028895551,0.006509168,-0.007601927
-0.15487012,0.01526912,0.02372605,0.006350112,-0.008697865
0.088700426,-0.00139994,0.003607214,-0.008961238,0.023243353
0.073981425,0.032134713,-0.007786042,0.005568899,0.003707605
-0.016651389,0.035710844,0.03852938,0.020713641,-0.011899068
0.084680457,0.055673979,0.007239655,-0.005253446,-0.014531093
0.007036436,-0.023628233,0.022623066,0.003264735,0.018143815
0.064651998,0.015274743,-0.005391227,0.019476305,-0.032260146
-0.03009883,0.024961766,0.038275155,0.000393573,-0.016482538
-0.095657544,-0.003651413,0.026537587,0.007295355,0.005122311
0.00438694,0.072879614,0.009082038,0.010391524,0.003199999
0.183151251,-0.017847586,-0.016764936,-0.0185094,0.01041386
0.090333831,0.001724896,0.028715641,0.020566247,0.001466823
0.117246368,0.044912095,0.009943762,0.019120277,-0.009817429
0.01571076,-0.072321393,0.005924322,-0.006914268,0.023175776
0.132907641,-0.012299106,0.013315018,0.013108779,-0.009179559
-0.082435018,-0.01438965,0.019692141,0.011863863,-0.009449087
0.00071215,0.056952708,0.021577911,0.011237512,-0.015113268
0.009701091,0.037173297,0.039614676,0.008373573,0.015542258
-0.021043581,0.007074067,-0.010741595,0.006126428,-0.011328216
0.143616028,0.027312683,0.000325299,-0.006001055,0.005256583
0.088036548,0.017423315,0.015606948,0.012043149,-0.005515234
0.0161799,-0.009718918,-0.002183903,0.009229657,-0.010166488
-0.092326079,0.013768179,0.017704364,0.014419928,-0.01050243
0.000644965,0.045314933,-0.007420236,0.03177205,0.009662684
-0.126904224,0.024933383,-0.003883442,0.026681073,-0.017833376
-0.379351429,0.004748147,0.020042443,0.009739162,0.004646175
0.112223469,0.032591989,-0.012429566,-0.008237103,0.014866202
0.103005655,0.054975584,-0.017472535,-0.025332591,-0.012672937
0.117000919,3.43E-05,-0.009284996,0.01770204,-0.016853941
0.094082249,0.045342901,-0.009286248,0.02178345,0.03421472
0.02694439,-0.021121992,-0.053225558,0.03700452,-0.027648783
-0.125787974,0.019160563,0.006691727,0.001393213,-0.022327478
0.009457951,0.053018341,-0.034621119,-0.01270776,0.013114925
0.161003271,-0.014692682,0.002500376,-0.03890446,-0.009362876
0.026805347,-0.036376029,0.018064747,-0.012315933,0.004450668
0.104967981,0.001118649,0.002546229,0.024887655,0.0258163
-0.035858645,-0.037310106,0.015317524,0.020074813,-0.000217832
-0.068275791,0.006587771,-0.00982414,0.027322599,-0.001716126
-0.036546608,-0.023175617,-0.014890892,0.010719248,0.032949291
0.021639788,0.072797882,-0.020087676,0.020836745,-0.006358667
0.110901553,-0.059733348,-0.057994175,0.02251634,0.008098453
0.167612803,-0.034886699,-0.071294327,0.047542265,0.036497144
-0.038432195,-0.089588942,-0.029468389,0.016530821,-0.038567755
0.19203519,-0.162894166,-0.097356347,0.078660497,0.068759697
0.026270777,0.145208095,0.05565457,-0.048984504,-0.049077281
-0.123344403,0.067039897,0.069389525,-0.034119737,0.006364218
-0.090316674,0.041734853,0.036261987,-0.03328651,-0.006083769
0.137171256,-0.088694707,-0.043522341,0.078213717,0.037317581
-0.032003409,0.00530861,0.052672991,-0.002288024,-0.011317893
0.132960556,0.029218651,0.000615395,0.014588783,0.016868381
-0.072418809,0.001613882,0.057541262,0.007122948,0.001781176
-0.079358967,0.052314619,0.043579706,-0.008621603,0.004815278
-0.182450057,0.021038429,0.098084271,-0.002243333,0.005443056
0.098086599,0.050245646,0.075012862,-0.013085056,0.077311237
0.155255898,-0.14425111,-0.093046824,-0.052902669,-0.089526584
-0.122806626,-0.008541759,0.118814272,0.040475478,0.024086736
-0.10475726,-0.0216381,0.062470808,0.038782149,0.020751104
0.152698635,0.027207862,-0.034105677,-0.034973094,0.008710042
0.085603816,-0.054874046,0.020694565,0.024996254,-0.027078117
0.032449173,-0.049681255,0.009878714,-0.001753481,0.025898019
-0.061103138,0.026409854,0.058505522,0.03250146,-0.010172075
-0.084815167,-0.022946853,0.053619765,0.018449963,0.0148628
-0.262456882,0.022069712,0.036782737,0.048517264,-0.012049447
0.114611466,-0.041500777,-0.051429016,-0.042543957,0.009398966
0.161577866,0.012370875,-0.031330043,-0.026084939,-0.00944036
0.107562455,-0.037601064,0.003234472,-0.015862787,0.003719176
-0.013570726,-0.01206051,0.038672061,0.027207449,-0.005834309
-0.050117181,0.029973208,0.070489116,0.022741432,0.020067204
0.146948511,-0.02376767,0.004931271,-0.008675264,0.004645294
-0.015632977,-0.042645051,0.077575789,0.026415099,0.031535222
-0.057445344,0.021556818,0.026825089,0.023803374,-0.010198749
-0.117206113,-0.040400692,0.049948008,0.043222231,0.014308785
-0.247287909,0.033396351,-0.002255963,0.006502748,0.006156971
0.002495734,0.019702839,0.012807432,0.001177103,0.007687364
-0.17888807,-0.037691775,0.024638582,0.021251432,0.031999471
0.098707572,0.043803127,-0.03336542,-0.004903068,-0.022547591
0.184406775,-0.051068158,-0.071131935,-0.049674791,-0.03988572
-0.104675196,-0.005066686,0.05700058,0.023063267,0.016777131
-0.047923853,-0.01840744,-0.005976234,0.006661179,-0.004132023
-0.05611262,0.005565783,-0.001950573,0.00449045,0.003107823
0.018791919,0.000843312,-0.000693076,0.004789327,0.000942881
0.189173317,-0.002428401,-0.018569841,-0.026803541,-0.022020253
0.202578459,-0.046537871,-0.037737098,-0.031076187,-0.029171764
0.047125381,-0.025212055,-0.002783049,0.008302346,-0.018560397
0.103175066,-0.042110144,0.001940273,0.003628829,-0.00341747
0.08928837,-0.009646164,-0.003250996,-0.005390097,0.013629769
-0.022432144,-0.02361067,0.00069405,0.005905187,-0.024991996
0.161605102,0.000621897,0.010467909,0.01280661,0.009904716
0.061648932,-0.013502086,0.015689839,0.006898492,0.004695617
0.061589319,0.022375897,0.014370156,-0.005404498,-0.02484093
0.074648296,-0.028402253,0.00194513,0.015102225,-0.009222596
0.026708343,0.016062791,0.013190859,-0.009091421,-0.000476553
-0.000733587,-0.009472386,0.006195393,-0.005021388,0.013861555
-0.068807912,0.013640701,0.000127248,-0.011499773,-0.011355856
0.025415626,0.016920324,0.001842165,-0.001666757,0.015658063
0.067235751,-0.007623709,0.022454388,0.009506042,0.010965643
-0.119824386,0.022889769,0.018324263,-0.004258833,0.001840503
-0.019692114,0.013695766,0.010288648,-0.003144342,-0.009972506
0.076761669,-0.014982439,0.00491749,0.00915003,0.017429949
0.038695134,0.002494093,7.97E-05,-0.003269526,0.004308989
0.146576869,-0.018425878,0.019034364,0.011461765,0.00611318
0.073642131,0.000848772,-0.006219805,-0.004150787,-0.012077301
-0.067640006,0.009667,0.012347685,0.006985153,0.008283847
0.038140701,0.019906079,0.00733724,0.005040555,0.013838492
-0.045898026,0.014910363,0.011837511,-0.001982329,0.006497059
-0.09966894,0.025577308,-0.002932422,-0.000596061,-0.007183336
0.111299117,-0.004554968,0.004239039,-0.002673182,0.013269994
0.054322916,-0.02230171,0.013183735,0.005622988,0.007029413
0.1139285,-0.011632744,-0.000615546,0.003276502,0.001584768
-0.029988118,0.002476268,-0.001880687,0.003373378,0.000787065
0.00935339,0.005566421,-0.004467205,0.007497112,0.004359072
-0.059180596,0.001623178,0.003097379,-0.000363286,-0.004405032
0.085913516,0.005129588,-0.000648964,-0.005038539,0.005329058
-0.001038744,0.000784838,-0.00515331,-0.002251402,0.001350893
0.126945657,-0.039105641,-0.001880828,0.010437135,0.012433723
-0.008877366,-0.000920224,0.009805774,-0.003245127,-0.008137251
0.06519638,-0.021439138,0.004703234,0.006890587,0.011398903
0.007277444,0.011987594,0.001882097,-7.05E-05,0.001933704
-0.096921437,0.010100189,0.007735853,-0.008969204,-0.006841988
-0.013959959,0.006545288,0.003714326,0.007748971,0.003088978
-0.067290542,0.02288643,0.014958821,0.007183147,-0.020562328
0.04329846,0.001762257,0.003708704,-0.005439682,-0.007128184
0.019059682,0.016910979,0.005269677,-0.000533699,-0.004475011
0.088982449,-0.010584143,0.00242699,0.002609064,-0.001572036
0.049837274,0.006724289,-0.003755758,-0.013766328,0.006825685
0.005304947,0.00095509,0.015077992,0.009205267,-0.013161425
0.035164786,0.011758124,-0.000775525,-0.006112475,0.010777978
-0.013886978,-0.009955681,-0.001220845,-0.010867803,0.009922524
0.014744215,0.007370472,0.002449534,0.00692918,0.008851019
0.050981845,0.030882124,-0.008354363,-0.006799976,0.001300641
0.0710001,0.01663275,0.001400069,-0.006283547,0.008053998
-0.032682772,-0.014608605,-0.001771578,0.006035879,0.002717149
-0.111312039,0.013594104,-0.024483878,0.001427802,0.00700457
0.005488473,0.010229637,0.008426113,0.005001509,0.000396356
0.035620526,0.030279204,-0.010517017,0.011709003,0.001458147
0.03315067,0.014052246,-0.004907568,0.014207837,0.016154759
-0.138901691,0.021463662,0.004095504,0.000822038,0.009865651
-0.020739578,-0.004013158,-0.000192432,0.019376527,0.008437733
-0.129226544,-0.009171941,0.005044639,-0.031861715,-0.006997544
-0.062877644,0.005354151,0.008408629,0.014102745,0.022555145
-0.019319415,-0.001552538,0.025010074,0.019492409,0.009657125
0.088265387,0.041254119,-0.006375143,-0.013951753,0.014822209
0.079498005,-0.00485787,0.002788884,-0.002622695,0.0248285
-0.178541005,-0.017766665,-0.017877753,0.027465655,0.038598692
0.027909465,-0.051303962,0.036684616,0.004389913,-0.010870486
0.061223439,-0.017395227,0.016394431,-0.010863571,0.004636652
-0.202188392,-0.044179327,0.031096709,0.015111309,-0.003162352
-0.416208428,-0.02211741,-0.012653866,0.022133943,0.015283534
-0.230232515,0.026744322,0.001121746,0.009157286,0.024715807
0.086446964,-0.012329833,0.013197609,-0.018109543,0.020271453
-0.179184416,-0.002561749,-0.042931124,-0.020410368,0.01224511
-0.232172108,-0.000527036,-0.015927928,0.009999079,0.034891525
0.21017494,0.004526743,-0.015451406,-0.034066901,-0.039893996
0.347755794,-0.068073227,-0.050062939,-0.1012392,-0.054149122
0.101454977,-0.008021903,-0.043227465,-0.035720702,-0.063820998
0.029771237,-0.024748445,0.018747821,0.024743795,-0.008015434
0.19639184,0.001898727,0.00614283,-0.012691504,-0.010742386
0.091817121,-0.012910244,-0.028796726,-0.030562468,-0.036879177
0.125350369,-0.010617124,-0.006574708,-0.018972569,-0.000680677
-0.12055816,0.03878213,0.004661313,0.00453466,2.71E-06
0.075384061,0.047302085,-0.001955295,0.00038393,-0.004040113
0.13716609,-0.030232233,0.019313065,0.002212017,0.026541883
-0.064602389,-0.018203968,-0.00325657,-0.012792349,-0.005646692
0.093334471,0.005611173,0.011716569,0.008594995,0.008009344
0.157219465,0.010553475,0.020076259,0.011358688,0.005026741
0.103057265,-0.037061313,0.019619431,0.016304244,-0.000699806
-0.156782048,-0.019086736,-0.009164651,-0.009411087,0.015956091
-0.150078481,0.007207424,-0.010543084,-0.010591586,-0.003292988
0.143185845,0.028430311,0.010281148,0.008658614,0.001828209
-0.133384345,0.01813384,-0.009954089,-0.010013502,0.011222981
0.238947044,0.009256874,0.01849714,0.008484236,0.01429536
0.08097867,0.003911379,0.006280864,0.011382842,-0.008044679
0.058492543,-0.017268342,0.008170318,0.004653628,0.022415968
0.159701343,0.00466321,0.01364644,-0.000297376,-0.015178485
0.019131109,0.03360158,-0.000667344,-0.008179264,0.004442094
0.094316897,0.003757315,0.015463283,0.006563654,0.01270749
0.042825349,-0.009239366,0.01408306,0.003774585,0.019898659
0.050166372,0.020964142,0.004328682,-0.003070876,0.003311689
-0.033802103,0.00682465,0.001534361,-0.005375184,0.005516973
-0.039719137,0.003538583,0.005647412,0.006380198,0.011272429
-0.068141507,-0.003390165,-0.008221396,0.010280899,-0.008997945
-0.174515863,0.018245262,0.001693111,-0.002968059,5.68E-05
-0.216209038,0.000760884,-0.004066123,0.002683978,-0.007736859
0.292997304,0.021717152,0.024498599,-0.003454291,0.013428922
-0.014194487,0.011013616,0.017666123,0.007337029,0.01164444
0.005235436,0.001435876,0.019290316,0.009694935,-0.008277768
0.144161749,-0.014945361,-0.016328164,-0.01480297,-0.016021485
0.073753022,0.032053005,-0.004017437,-0.005696299,0.004691167
0.050076561,0.006117646,0.012570834,0.0204502,-0.014145452
-0.02799826,0.009791633,0.010320136,0.010878359,0.009184635
-0.144219561,-0.014185705,0.008180697,0.018465552,0.009054976
0.084725793,-0.007585995,0.011204985,0.012322569,-0.015120884
-0.020508585,0.024528973,0.007043368,0.010382693,-0.00233791
0.069234998,0.010317336,-0.000395662,-0.006237168,0.007665384
0.066862687,-0.005877634,0.009681329,0.006445024,-0.012432385
-0.03478,0.016908027,0.014857549,-0.007710215,0.013670261
0.023747427,0.00590822,0.003189849,-0.00480062,0.010285364
0.059523504,-0.009542496,0.009998002,-0.004774274,0.006504632
0.129103575,0.017255973,0.014196632,-0.007983834,-0.000714297
0.021808319,0.009362342,0.01426796,0.004888809,0.003351274
0.093735703,0.005432704,0.011951394,0.005435466,-0.002379173
0.003590966,0.015159758,-0.006656734,0.002776535,-0.01545683
0.091849122,-0.015333282,0.003986144,0.000330061,0.001944436
-0.012612612,-0.019168132,0.011274005,0.004761134,-0.003597515
0.143615873,0.002891518,0.015546896,0.006217617,-0.001155341
-0.053409664,-0.00677819,-0.016738859,-0.004908577,0.004908179
0.113663044,-0.007854627,0.010250965,0.006446107,0.007771064
0.061033527,0.035159939,0.024743973,0.011902573,-0.001272451
0.076858217,-0.015446953,0.014677959,0.018798472,-0.012079884
0.052500744,0.011881899,-0.002373073,-0.004343811,-0.002548257
-0.055064122,-0.023129716,-0.029855547,-0.006783006,-0.00459358
0.099129552,0.016798705,4.96E-05,0.001487479,0.002808692
-0.00035669,0.008556128,0.02798158,0.001527075,-0.012554064
-0.052917184,0.039930329,0.00250945,-0.009817888,-0.004613819
0.018954704,0.030571464,0.004252464,0.00288695,0.003467555
0.092276628,-0.015656496,-0.004288636,-0.006575127,0.008736785
-0.092788096,0.029433789,-0.001937203,0.005091389,-0.005491251
0.094093249,0.016466754,0.007310739,0.001291822,0.008214025
-0.095535605,0.02474187,-0.00798733,0.003336605,-0.006978594
0.08389951,-0.014854334,0.032815473,0.008938511,0.012418008
0.015670411,0.035760971,0.001901111,-0.001853847,-0.000163634
0.036233988,-0.033816156,0.015453347,0.012097444,-0.008486869
-0.072728377,0.010194643,-0.009962124,0.001581117,0.020346901
0.135458411,0.018813487,-0.001238351,-0.016026103,0.000713327
0.013096679,-0.014980437,0.01959807,0.007842019,0.021955953
-0.018324729,0.016494811,-0.017815377,-0.02055817,-0.023592475
0.034297462,0.005748691,0.00682208,0.013708642,0.019093181
-0.003206992,-0.027378872,0.013521804,0.017778217,0.00584572
-0.034195475,0.062150312,0.007169616,0.01983572,0.015269256
-0.108497449,-0.024580207,0.008473155,-0.000282629,0.000441793
-0.109337702,0.029836833,0.029194855,0.023393936,0.010259487
0.125611772,0.036085921,0.006009479,0.001282522,-0.021239927
0.04524791,-0.023796199,0.003092377,0.004915367,0.005852348
-0.088508212,0.0147283,-0.005364391,0.010494082,-0.00281719
-0.172653178,0.025671293,0.02836941,0.010813237,0.004639128
0.010889586,0.00194894,0.007276363,-0.018129271,0.004003669
0.162602503,0.010327708,-0.003456303,-0.025712735,-0.014930862
0.051073487,-0.023752414,-0.022119159,-0.019262612,-0.022357902
0.026115461,0.024050104,0.005932148,0.000994919,0.011995842
-0.01228489,0.00547479,0.013902588,0.016397099,0.002805358
0.107968059,-0.00403301,0.00141719,-0.005970998,0.007416117
0.035994225,-0.02098352,-0.001662113,-0.004760477,-0.008789413
0.030758917,-0.030218263,-0.01588821,0.004480908,-0.015297202
-0.083884025,0.037851637,0.025157249,0.005377431,0.0032285
0.192874037,-0.037054114,0.040462474,0.004901367,0.010439302
0.0412803,-0.007132517,0.02996067,0.019592084,-0.014850108
0.020491938,0.026089568,-0.016390514,-0.012425937,0.003452452
0.040250221,0.02657868,-0.010226529,-0.011502786,-0.011534252
0.006237244,-0.008019618,-0.004188641,0.000809979,-0.006583217
0.01935662,0.0040637,0.00914289,0.007715152,0.002977937
-0.026112216,0.033740169,-0.00804144,0.004546779,-0.00135105
0.05892159,-0.032865818,-0.001271175,-0.000637137,-0.005766587
0.016974881,0.027325973,0.002124922,0.003321733,0.006466231
-0.023177298,0.012903552,-0.008656976,0.006570163,-0.001968538
0.115717055,-0.038900322,0.019117331,0.004995546,-0.008465266
0.018060716,0.033100851,0.015686071,0.014811834,0.009076698
0.066631462,0.011339081,0.008004581,-0.004217017,-0.003748762
0.010583777,0.006333656,-0.014719599,-0.009019809,-0.005851595
0.070331091,0.042129399,-0.005239011,0.014066009,-0.004192058
-0.079363859,-0.01460693,-0.010942238,0.008695277,0.008680045
0.004783437,-0.03161047,0.012577019,-0.000579263,0.009797328
0.015545693,-0.00930574,0.000624115,0.007405241,-0.004298193
0.100424409,-0.035180566,0.001342535,0.021263158,0.006857389
0.017359661,-0.005806765,0.000232694,-0.002765775,-0.006554799
0.034133927,0.035159706,0.014174685,-0.001698446,0.000132375
0.073923496,0.000998671,-0.003847584,0.011100115,0.011569879
-0.03532411,0.02067204,-0.008658221,0.000478717,-0.005508805
-0.203021822,0.009494634,0.009966072,0.000371647,-0.006107078
0.019400679,0.027700504,0.006781032,-0.016524476,0.003970512
-0.235288999,-0.000953119,-0.013281013,0.006270315,0.013494191
0.218651222,0.007748529,-0.000877494,-0.025420209,-0.005023151
0.095344691,-0.007788221,0.003491108,-0.00057581,-0.001368094
-0.030621335,0.032061437,-0.021273749,-0.002486865,-0.006048465
0.063781962,0.03166331,0.018161816,-0.005845848,0.001049515
-0.165068128,-0.005029966,-0.00097043,0.020633347,0.015752274
0.145746943,0.029857932,0.008965357,-0.010590923,0.004765801
0.002608532,0.032552199,0.014732498,0.005896534,0.016345105
-0.107489942,0.018739632,-0.013363348,0.013243733,-0.000370381
0.047709726,-0.002828632,0.03676376,-0.007362484,-0.019936997
0.030253465,0.018782444,0.00436084,0.004448926,0.012395278
0.089163613,-0.003532389,-0.023744302,-0.00805871,-0.009884522
0.07367083,-0.026682958,-0.0156135,-0.008284508,-0.033484943
-0.063007553,0.038441853,-0.015236612,0.01074005,0.006801711
-0.171085057,-0.036196918,-0.044362235,0.001085208,0.000755728
-0.423957137,0.019685595,-0.064996214,0.026524615,0.006116635
0.334760341,-0.011852453,-0.021911064,-0.026796055,-0.03394898
0.134256047,0.010397586,-0.016877296,-0.003554912,0.01307654
0.072604001,-0.036960088,-0.02237661,0.002287573,-0.016726248
0.071539574,0.043374798,-0.003548664,0.014040111,-0.00532524
0.117234691,0.025029428,0.005845353,0.017760995,-0.011727618
-0.068602873,-0.013051316,-0.018818022,-0.000785601,0.004174952
0.027560307,-0.016408165,0.032130812,-0.013296544,0.031783161
0.359970572,-0.038544838,-0.000208588,-0.020531365,-0.033318414
0.155084773,-0.020918143,0.005309895,-0.004061586,0.009821731
0.118724367,-0.129921575,-0.017652812,0.043246328,-0.035882243
0.143403047,-0.024973593,0.032829118,-0.025660359,-0.006143333
0.055581061,0.024556238,0.057622873,0.004197648,-0.021234908
0.055527046,0.05658281,0.015258733,0.001242167,0.003041373
0.028322593,-0.014217483,0.034912234,0.022030867,-0.016343136
0.035084684,-0.007689511,-0.041879478,0.011489327,-0.008037277
-0.047562956,0.058911404,0.022419248,-0.000728131,-0.004041162
0.047240492,0.007509172,8.96E-07,0.009173099,-0.008923431
-0.059229301,-0.019517125,0.008589244,0.002922649,0.010572744
0.08287977,0.058190446,0.008614973,0.014275673,-0.001743478
-0.076931657,0.023609196,0.022154083,0.015851847,0.005832453
0.054276251,0.042751643,0.053890319,-0.002271958,0.002379306
