year,month,MKT,REG,PEAD,HMLM,STR,ILR,SMB,EPRD
1973,1,-0.0329,0.033322,-0.0362,0.014099192,-0.0137,0.014879,-0.0282,0.072583
1973,2,-0.0485,0.01522,0.0142,0.013490049,-0.022,0.076501,-0.039,0.002882
1973,3,-0.013,0.0321,0.0064,0.022751555,0.0043,0.03785,-0.0233,-0.001502
1973,4,-0.0568,0.040693,0.015,0.042903848,-0.0068,0.074288,-0.0295,0.05039
1973,5,-0.0294,0.015846,-1.00E-04,-0.018704998,-0.0111,0.15908,-0.0618,0.087438
1973,6,-0.0157,0.028658,0.0262,0.005545862,0.0011,0.067646,-0.0251,0.058977
1973,7,0.0505,-0.042331,-0.0185,-0.006308259,0.095,-0.08454,0.0726,-0.059692
1973,8,-0.0382,0.014525,0.0302,0.005135388,0.0171,-0.036647,-0.0179,-0.038173
1973,9,0.0475,-0.015413,0.0118,0.045168237,0.0165,-0.046214,0.0357,-0.050902
1973,10,-0.0083,0.040646,0.0246,-0.012794767,0.0182,0.02457,-0.003,-0.019679
1973,11,-0.1275,0.02074,0.045,0.016850852,-0.0467,0.098096,-0.0727,0.094766
1973,12,0.0061,0.046139,0.0488,0.008563653,0.0039,0.130402,-0.0466,-0.037244
1974,1,-0.0017,-0.005604,-0.0065,0.122377022,0.0923,-0.086926,0.1039,-0.125222
1974,2,-0.0047,0.014503,-0.0016,0.028743989,0.0073,0.046413,0.0012,-0.03054
1974,3,-0.0281,0.011626,0.0078,0.011999023,0.0412,-0.07561,0.0261,0.016436
1974,4,-0.0529,0.025414,0.0202,-0.00692155,-0.0139,-0.00417,-0.0069,0.025283
1974,5,-0.0468,0.002895,-0.0061,-0.01736443,-0.0272,0.006504,-0.0308,0.078416
1974,6,-0.0283,0.021438,0.0076,-0.006402095,-0.0095,0.001915,2.00E-04,0.030971
1974,7,-0.0805,0.056777,0.0144,0.05776017,0.0086,0.083785,0.0192,-0.036323
1974,8,-0.0935,0.048505,0.0283,0.018857372,0.0204,0.010085,0.0026,-0.052388
1974,9,-0.1177,0.033901,0.028,0.066058941,0.0326,0.04214,0.0148,-0.062348
1974,10,0.161,0.010374,0.0385,-0.0744145,0.0872,-0.084993,-0.0682,0.246622
1974,11,-0.0451,0.013758,0.0254,-0.003494382,-0.003,0.043382,-0.0148,0.004297
1974,12,-0.0345,0.02046,0.0179,-0.003405083,-0.0038,0.008926,-0.0435,-0.003951
1975,1,0.1366,-0.05404,-0.0574,0.184504238,0.1457,-0.102271,0.1292,-0.146932
1975,2,0.0556,0.006132,0.0089,-0.055616704,0.0455,0.02087,-0.0065,0.082715
1975,3,0.0266,-0.017983,0.0072,0.035586518,0.035,-0.076273,0.0399,-0.032973
1975,4,0.0423,0.023097,0.0203,-0.03659439,-0.0046,0.021714,-0.0072,-0.007538
1975,5,0.0519,-0.000167,-0.005,0.006061624,0.0376,0.002445,0.0289,0.047205
1975,6,0.0483,-0.006513,-0.0034,0.040383826,0.0329,-0.013848,0.0142,-0.060201
1975,7,-0.0659,0.017009,-0.001,0.035756877,0.0122,0.016002,0.0344,-0.05481
1975,8,-0.0285,0.013638,0.0011,-0.001087721,0.0064,-0.032379,-0.0284,-0.064733
1975,9,-0.0426,0.033382,0.0266,0.00639054,-0.0031,-0.005218,5.00E-04,-0.000616
1975,10,0.0531,0.02567,0.0255,-0.013371425,0.0156,-0.012332,-0.0422,0.107397
1975,11,0.0264,0.015634,0.0314,0.008326052,-0.0252,0.001649,-0.011,0.022763
1975,12,-0.016,0.004767,-0.0047,0.03407373,0.0326,-0.012457,-5.00E-04,-0.050281
1976,1,0.1216,0.008707,0.0078,0.066378689,0.0284,-0.031761,0.0632,-0.10012
1976,2,0.0032,0.008706,0.0062,0.050704584,-0.0248,0.070011,0.0798,-0.083894
1976,3,0.0232,0.016181,-0.0044,0.006556049,0.0443,-0.05227,-0.0139,0.048844
1976,4,-0.0149,0.000357,0.0083,0.023998134,0.0213,-0.048774,8.00E-04,-0.034279
1976,5,-0.0134,0.003295,0.0097,-7.28E-05,-0.0077,0.06155,-0.011,-0.026818
1976,6,0.0405,0.009442,0.0041,0.003650487,0.0063,0.052922,-0.0107,-0.027435
1976,7,-0.0107,0.016276,0.0197,0.022994604,0.0168,-0.000934,0.0063,0.004179
1976,8,-0.0056,0.005722,8.00E-04,0.013758833,-0.0204,0.053088,-0.0198,0.02929
1976,9,0.0207,0.009964,0.006,0.000902291,-0.0032,-0.025636,0.001,0.00768
1976,10,-0.0242,-0.004868,0.0057,0.002926836,0.0114,0.015719,0.0013,0.012543
1976,11,0.0036,0.001493,0.0208,0.013637785,0.0054,0.002707,0.0266,-0.043996
1976,12,0.0565,0.010763,-0.0024,0.035461184,0.0364,0.004426,0.0364,-0.025311
1977,1,-0.0405,0.016761,0.0083,0.051414923,0.0054,0.102408,0.059,-0.066072
1977,2,-0.0194,0.004082,-0.004,0.003314708,0.0138,-0.024033,0.0107,0.003707
1977,3,-0.0137,-0.003667,0.0098,0.007854426,0.0103,0.029878,0.0131,-0.004176
1977,4,0.0015,0.007442,0.0143,0.025563327,-0.0122,-0.011762,0.0061,-0.02723
1977,5,-0.0145,0.027093,0.0263,0.008450185,-0.0032,0.027434,0.0131,0.029258
1977,6,0.0471,0.029305,0.0025,-0.018193845,9.00E-04,0.017062,0.0208,0.049483
1977,7,-0.0169,0.023918,-0.0078,0.012496579,0.0104,0.039028,0.0188,0.043647
1977,8,-0.0175,-0.000814,0.0193,-0.031509699,-0.0071,0.021851,0.0086,0.043602
1977,9,-0.0027,0.015197,0.0109,-0.002432784,0.0083,0.019523,0.0143,-0.002679
1977,10,-0.0438,0.011235,-0.0082,0.01373457,0.0176,0.007403,0.0148,-0.004825
1977,11,0.04,0.014899,0.0343,0.001828353,0.0222,-0.015008,0.0364,0.023918
1977,12,0.0027,0.018089,0.0124,-0.002404207,-0.0013,0.030597,0.0159,0.009736
1978,1,-0.0601,0.002845,0.0047,0.029250739,0.0107,-0.004792,0.0272,-0.002036
1978,2,-0.0138,0.0167,-0.009,0.004902356,0.0117,-0.016975,0.037,-0.018889
1978,3,0.0285,0.00143,0.0133,0.023514847,-0.0027,0.051354,0.0371,-0.027732
1978,4,0.0788,0.00556,0.007,-0.039755326,0.0022,0.028017,-0.0027,0.027661
1978,5,0.0176,0.005451,0.0081,-0.015092143,8.00E-04,-0.007201,0.0458,0.039571
1978,6,-0.0169,0.012015,0.0149,-0.005123515,0.0135,0.023197,0.0156,0.034565
1978,7,0.0511,0.026592,0.0327,-0.030016966,0.009,0.031556,0.0013,-0.003756
1978,8,0.0375,0.006506,0.0055,-0.004333615,0.0087,0.018277,0.0495,-0.010079
1978,9,-0.0143,-0.00844,-0.021,0.040332289,0.0365,-0.048455,-0.0031,-0.026266
1978,10,-0.1191,0.009919,-0.0072,0.043630756,-0.0184,0.08352,-0.1007,0.025261
1978,11,0.0271,0.015463,-0.0196,-0.01800487,0.0915,-0.071338,0.0285,0.016148
1978,12,0.0088,0.024851,0.0085,-0.030067764,-0.0039,0.040129,0.0112,0.052433
1979,1,0.0423,-0.013198,-0.0171,0.041896355,0.0562,-0.048163,0.0379,-0.059854
1979,2,-0.0356,0.00471,0.0117,0.021110795,0.0131,0.025733,0.0054,-0.02065
1979,3,0.0568,0.005342,0.0109,-0.015798402,0.0147,-0.01357,0.032,-0.04781
1979,4,-6.00E-04,-0.002849,-0.0013,-0.002369235,-0.004,0.014474,0.024,0.00051
1979,5,-0.0221,0.004436,-0.008,0.015428298,0.0117,-0.014498,0.0017,-0.030983
1979,6,0.0385,-0.017343,0.0183,0.004813957,0.0119,0.005436,0.0099,0.008062
1979,7,0.0082,-0.006536,-1.00E-04,0.013892425,0.0062,0.025212,0.0127,-0.006077
1979,8,0.0553,-0.000151,0.0044,-0.019746491,0.0079,-0.004515,0.0192,0.025835
1979,9,-0.0082,0.028441,0.0054,-0.011487231,-0.0163,0.04216,-0.0033,-0.033499
1979,10,-0.081,0.016684,-0.0037,-0.01062367,-0.0194,-0.007326,-0.0351,0.046812
1979,11,0.0521,-0.003745,0.0146,-0.037160412,0.0131,0.054497,0.0253,0.042433
1979,12,0.0179,-0.001797,0.0092,-0.037477563,-0.0189,0.036302,0.0432,-0.005469
1980,1,0.0551,0.003912,0.0131,-0.027070979,-0.0341,0.060676,0.0182,-0.07701
1980,2,-0.0122,0.035816,0.0535,-0.031409107,-0.0491,0.010139,-0.0158,-0.017197
1980,3,-0.129,-0.010137,-0.0287,0.069970421,0.0846,-0.098952,-0.0692,0.101332
1980,4,0.0397,0.014404,0.0089,0.01861993,0.014,0.02235,0.0105,0.035804
1980,5,0.0526,-0.007841,0.0054,0.009822798,0.0284,0.006333,0.021,0.018777
1980,6,0.0306,0.008495,0.0038,-0.016472624,0.0224,0.044359,0.0142,-0.026679
1980,7,0.0649,-0.033008,-0.0107,-0.053412943,0.0295,0.062796,0.0382,0.001059
1980,8,0.018,0.015091,0.0122,-0.032097703,-0.0084,0.027978,0.0426,-0.031034
1980,9,0.0219,0.023078,0.0045,-0.04277283,-0.0152,0.091013,0.0066,0.003907
1980,10,0.0106,0.026543,0.0198,-0.050690961,-0.0196,0.039746,0.0236,-0.000292
1980,11,0.0959,0.00889,-0.031,-0.107136586,-0.0971,0.103611,-0.0331,-0.012581
1980,12,-0.0452,0.001451,0.0046,0.056548334,0.0638,0.003194,-0.0029,0.058816
1981,1,-0.0504,0.005626,0.0356,0.08894774,-0.0229,0.036408,0.0329,0.004317
1981,2,0.0057,0.016871,0.0199,0.010472015,-0.0233,0.062009,-0.0051,0.006392
1981,3,0.0356,-0.018552,0.0103,0.012586348,0.0159,-0.028616,0.0303,-0.071308
1981,4,-0.0211,0.010888,0.0159,0.022964699,-0.0149,0.00169,0.0459,0.041113
1981,5,0.0011,0.016626,0.0119,-0.012105404,-0.0378,0.068594,0.0245,0.024977
1981,6,-0.0236,0.019106,2.00E-04,0.068636376,0.0478,-0.086272,-0.0095,-0.008359
1981,7,-0.0154,-0.006191,8.00E-04,0.001622182,-0.0056,0.029536,-0.0205,-0.023082
1981,8,-0.0704,0.022329,-0.0031,0.036634578,-0.0065,0.085133,-0.0181,0.02003
1981,9,-0.0717,0.039739,0.007,0.037500529,-0.0111,-0.037893,-0.0244,0.087085
1981,10,0.0492,-0.010121,0.0327,-0.048338191,0.0455,0.048644,0.0236,0.100268
1981,11,0.0336,0.019895,-0.0104,0.030530947,0.0267,-0.035048,-0.0151,-0.019577
1981,12,-0.0365,0.013694,-0.0025,0.005392051,0.0166,-0.005169,0.012,0.007984
1982,1,-0.0324,0.008418,0.0051,0.024095749,-0.0137,0.067264,-0.0113,0.067858
1982,2,-0.0586,0.035564,0.0209,0.040514243,-0.0431,0.014184,0.0035,0.026186
1982,3,-0.0187,0.024862,-0.0035,0.027132021,-0.0189,0.039105,-4.00E-04,-0.000749
1982,4,0.0327,0.007097,0.0157,-0.019873673,0.0165,0.024235,0.0109,0.040835
1982,5,-0.0399,0.009597,0.0049,0.020282167,0.0199,0.007532,0.0064,-0.016573
1982,6,-0.0309,0.034237,0.0256,0.000820739,0.0015,0.022517,-0.0052,0.029771
1982,7,-0.0319,0.038311,0.03,-0.01073765,-0.0283,0.051071,0.0095,0.045655
1982,8,0.1114,-0.029382,-0.01,0.022918094,0.0114,-0.050211,-0.0433,-0.008819
1982,9,0.0129,0.035036,0.0195,-0.001793046,0.0452,0.010199,0.0262,0.031387
1982,10,0.113,-0.009991,0,-0.026750351,0.0297,0.054367,0.0194,-0.03551
1982,11,0.0467,0.038231,0.0535,-0.043517955,-0.0448,0.089663,0.0442,0.041512
1982,12,0.0055,-0.002713,-0.0295,0.009791833,0.038,-0.020722,-7.00E-04,-0.027129
1983,1,0.036,-0.01897,0.0145,0.013123597,0.0318,0.032101,0.0333,-0.035132
1983,2,0.0259,0.020265,0.015,-0.008692756,0.0263,-0.100584,0.0293,0.026109
1983,3,0.0282,0.020409,0.0053,0.015237072,0.0034,0.009621,0.0138,0.021932
1983,4,0.0667,0.023291,0.0072,0.00361367,-0.0055,0.010063,0.0047,-0.060583
1983,5,0.0052,-0.038352,-0.0041,0.003082195,0.0273,-0.048559,0.0633,-0.052202
1983,6,0.0307,0.026153,0.0175,-0.039411577,0.0018,0.027585,0.0119,-0.011215
1983,7,-0.0407,0.029737,0.0152,0.058756311,0.0207,-0.020339,0.0101,-0.02303
1983,8,-0.005,0.003917,-0.013,0.052673204,-0.0065,0.004984,-0.0432,-0.010313
1983,9,0.0091,0.029064,0.0221,0.01413645,0.0236,-0.034658,0.0031,0.018462
1983,10,-0.0344,0.037354,0.0183,0.050532643,-0.0163,0.080646,-0.0378,-0.000591
1983,11,0.0216,-0.017498,-4.00E-04,-0.001625262,0.0494,-0.06985,0.0189,0.007968
1983,12,-0.0178,0.010785,-6.00E-04,0.019652896,0.0197,0.002278,-0.0045,-0.018382
1984,1,-0.0192,0.008835,-0.0155,0.092739283,0.0064,0.026049,-3.00E-04,-0.019297
1984,2,-0.0482,0.006762,0.0312,0.031452477,-0.0206,0.02771,-0.016,0.003245
1984,3,0.0063,0.012598,-0.0144,0.005014358,0.0251,-0.017813,-0.0029,0.006689
1984,4,-0.0051,0.024198,0.0148,-0.001867037,0.0161,-0.038993,-0.0096,0.019514
1984,5,-0.0597,0.017731,-0.0064,0.004169943,0.0081,-0.008086,0.0014,0.035732
1984,6,0.0182,0.006613,6.00E-04,-0.028365248,0.0096,0.039782,0.001,0.049884
1984,7,-0.0274,0.0297,0.0016,0.00664918,-0.0147,0.100022,-0.0222,0.017978
1984,8,0.1028,0.000264,-0.027,-0.000269533,0.0729,-0.041913,-0.0026,-0.025551
1984,9,-0.008,0.01184,0.0084,0.047160769,0.0428,-0.078094,-3.00E-04,-0.039654
1984,10,-0.0084,0.018111,0.0072,0.004194249,-0.0121,0.030391,-0.0144,0.031971
1984,11,-0.0176,0.016373,0.0155,0.036495401,-0.0067,-0.002673,-0.0101,0.010732
1984,12,0.0184,0.013006,0.0042,-0.005364369,0.008,-0.016725,-0.0065,-0.01243
1985,1,0.0799,-0.016525,-0.0135,-0.025653322,0.0232,-0.02398,0.035,0.004966
1985,2,0.0122,0.022437,0.0022,-0.005833133,0.025,-0.019931,0.0104,0.027229
1985,3,-0.0084,0.020324,-0.0036,0.031596567,-0.0137,0.020695,-0.0139,0.030344
1985,4,-0.0096,0.018021,0.0083,0.022263726,-0.0246,0.03644,-0.001,0.016208
1985,5,0.0509,0.015286,0.0013,-0.013708247,-0.0054,0.020247,-0.0231,0.021666
1985,6,0.0127,0.016833,0.0135,-0.009909048,-0.0067,0.02839,0.0035,0.012734
1985,7,-0.0074,0.013406,-0.0041,-0.005880444,0.0362,-0.08286,0.0287,0.005114
1985,8,-0.0102,0.010419,0.002,0.017656363,0.0177,-0.025481,-0.0029,0.011202
1985,9,-0.0454,0.017479,0.0138,0.007385396,-0.0185,0.052129,-0.018,-0.006203
1985,10,0.0402,0.028931,0.0051,-0.003853446,0.0066,0.071666,-0.0149,0.049061
1985,11,0.0648,-0.009268,-0.0148,-0.023367799,0.0241,-0.02229,2.00E-04,0.016941
1985,12,0.0388,-0.009284,0.0058,-0.011278325,-0.0034,0.018122,-0.004,0.001599
1986,1,0.0065,0.017818,0.0151,-0.006387411,0.0084,0.012308,0.01,0.029285
1986,2,0.0713,0.008424,0.0225,-0.022152844,-0.0169,0.057704,-0.0071,0.015828
1986,3,0.0488,0.017081,0.0025,-0.006542036,-7.00E-04,0.021345,-0.0065,0.034698
1986,4,-0.0131,0.000184,0.0094,-0.029710314,0.0282,-0.012574,0.0286,0.035926
1986,5,0.0462,0.009818,0.0092,-0.003206624,0.0105,-0.003101,-0.0129,0.051357
1986,6,0.0103,0.008818,0.0259,-0.011754138,-0.0248,0.026072,-0.0088,0.060183
1986,7,-0.0645,0.027937,0.0081,0.033622813,-0.0288,-0.006098,-0.0345,0.03788
1986,8,0.0607,0.016055,-0.001,0.058376357,0.0114,0.036651,-0.0435,-0.038531
1986,9,-0.086,-0.003482,-0.0155,0.05158061,-0.0031,0.063203,0.0205,-0.091147
1986,10,0.0466,0.006012,0.0462,-0.014412806,0.0358,-0.092079,-0.0233,0.031703
1986,11,0.0117,0.037262,0.0076,0.003334255,0.0071,0.002599,-0.0189,-0.00945
1986,12,-0.0327,0.016509,0.0091,-0.000257441,0.0061,0.007024,0.0012,0.047255
1987,1,0.1247,0.028709,0.0423,-0.022308799,0.0031,0.021303,-0.0154,0.064933
1987,2,0.0439,-0.010583,-0.0023,-0.050713936,-0.0111,-0.010224,0.034,0.050998
1987,3,0.0164,0.013212,-0.0107,0.017778098,0.0181,0.051829,0.0027,-0.036895
1987,4,-0.0211,0.005546,0.0139,0.005743356,-0.019,0.053883,-0.0154,-0.072698
1987,5,0.0011,-0.001604,0.0034,0.014837182,-0.003,-0.014981,-0.0056,-0.009557
1987,6,0.0394,-0.001725,-0.0081,0.011253223,1.00E-04,-0.033088,-0.0221,0.030135
1987,7,0.0385,-0.006461,-0.0028,-0.00558887,-0.0025,-0.009913,-0.0112,-0.065743
1987,8,0.0352,0.0247,-0.0036,-0.005481284,0.0245,-0.070802,-0.0095,0.02407
1987,9,-0.0259,0.018371,0.0249,-0.001449372,-0.004,-0.016349,0.004,-0.005994
1987,10,-0.2324,0.025122,-0.0062,0.08482116,-0.0013,-0.024361,-0.0805,0.052776
1987,11,-0.0777,0.009005,-0.0081,0.020712827,-0.0087,-0.007234,0.0287,-0.026626
1987,12,0.0681,0.015001,-0.018,-0.042756745,0.058,-0.079537,6.00E-04,0.008297
1988,1,0.0421,-0.017613,0.0334,0.084218372,0.0793,-0.052687,-0.0053,-0.026796
1988,2,0.0475,-0.005611,-0.0101,-0.010896032,0.0436,-0.061773,0.0331,-0.012164
1988,3,-0.0227,-0.020542,0.0315,-0.000251392,-0.0084,0.019977,0.0624,0.003548
1988,4,0.0056,0.008805,0.007,0.004968182,0.0023,0.010989,0.0115,-0.041404
1988,5,-0.0029,0.012654,0.0027,0.022602824,0.0065,0.01441,-0.0257,-0.015196
1988,6,0.0479,0.01827,0.0075,-0.003228829,0.0187,-0.021529,0.0214,-0.012516
1988,7,-0.0125,0.000362,0.0106,0.020817301,0.0336,-0.027467,-0.0021,0.006899
1988,8,-0.0331,-0.003743,0.0207,0.016331178,-0.0193,0.052589,-3.00E-04,0.031282
1988,9,0.033,0.008003,-6.00E-04,-0.008120437,-0.0012,0.029707,-0.0135,0.037534
1988,10,0.0115,0.006658,0.01,0.015735624,-0.01,0.001037,-0.0295,-0.035873
1988,11,-0.0229,0.003857,0.0107,0.009445612,-0.0067,0.015935,-0.0165,-0.023217
1988,12,0.0149,0.003588,-0.0123,-0.013083657,0.0229,-0.001139,0.0202,0.015063
1989,1,0.061,0.015755,0.0016,0.007375357,0.0097,0.004364,-0.0231,-0.0095
1989,2,-0.0225,-0.001775,-0.0025,0.007717,0.0107,-0.00576,0.0271,0.009469
1989,3,0.0157,0.007625,0.0137,-0.006732229,-0.0089,0.029473,0.0068,0.025157
1989,4,0.0433,-0.002366,0.0147,-0.021756729,-0.0065,0.032885,-0.0078,0.019005
1989,5,0.0335,0.004101,0.0198,-0.018209906,-0.0274,0.03327,0,0.02998
1989,6,-0.0135,-0.00945,-0.0067,0.03139966,0.023,-0.002287,-0.0109,-0.002304
1989,7,0.072,0.02513,0.0335,-0.033203511,0.0145,0.016847,-0.0417,0.038297
1989,8,0.0144,0.001417,0.0027,0.005142042,0.0185,-0.065487,0.0048,-0.03821
1989,9,-0.0076,0.019521,5.00E-04,-0.021001908,0.0117,-0.031466,0.0049,0.002495
1989,10,-0.0367,0.023565,0,-0.016617501,-0.0432,0.0393,-0.0332,0.043155
1989,11,0.0103,-0.006157,0.0072,-0.017825662,-0.0175,0.051944,-0.0129,0.014967
1989,12,0.0116,0.024412,0.014,-0.00479436,-0.0256,-0.004765,-0.0228,-0.011239
1990,1,-0.0785,-0.002233,0.0015,0.016489255,0.0102,-0.00067,-0.0132,-0.000377
1990,2,0.0111,0.000922,0.0149,-0.008891584,0.0049,0.038835,0.0115,-0.055482
1990,3,0.0183,0.016764,0.0095,-0.032441943,0.0017,0.005157,0.0158,0.013481
1990,4,-0.0336,0.005974,0.0095,-0.035854408,-0.0182,0.043396,-0.0032,0.05683
1990,5,0.0842,0.026182,0.0175,-0.043486836,-0.0035,-0.013869,-0.0237,0.043657
1990,6,-0.0109,-0.002247,0.0126,-0.019421233,-0.0022,0.025403,0.0131,0.075136
1990,7,-0.019,0.000433,0.0124,-0.003130435,-0.007,-0.030263,-0.0314,0.003364
1990,8,-0.1015,0.012578,0.0221,0.011076417,-0.0365,0.066088,-0.0386,0.00862
1990,9,-0.0612,0.026916,0.0416,-0.016414835,-0.0598,0.082697,-0.0374,0.016839
1990,10,-0.0192,0.030868,0.0282,-0.034110748,-0.0268,0.008852,-0.0507,0.032013
1990,11,0.0635,-0.008148,0.0112,-0.002158865,0.0585,0.011547,4.00E-04,0.08249
1990,12,0.0246,0.015238,-0.0063,-0.015567933,-0.0301,-0.015653,0.0064,0.04256
1991,1,0.0469,0.01585,0.0494,0.011330965,-0.0193,0.005447,0.0389,0.006593
1991,2,0.0719,-0.006823,-0.0127,0.029900136,0.0193,0.014931,0.0401,0.010646
1991,3,0.0265,0.001004,0.0262,-0.009966162,0.0052,-0.00579,0.0382,0.056906
1991,4,-0.0028,0.006058,0.0076,0.008546303,0.0157,-0.018093,0.0032,-0.008885
1991,5,0.0365,-0.010608,0.0071,-0.006373738,8.00E-04,-0.038621,0.0012,0.013419
1991,6,-0.0494,0.004787,0.0018,0.014223644,0.0206,-0.029757,0.0026,-0.007822
1991,7,0.0424,0.003612,0.01,-0.023593738,0.0214,-0.011978,-0.0096,0.035434
1991,8,0.0232,-0.002482,0.0124,-0.01733973,-0.0292,0.049772,0.0141,0.048462
1991,9,-0.0159,0.002138,0.0017,-0.004103058,-0.0076,0.027544,0.0156,0.024312
1991,10,0.0129,0.032052,0.0143,-0.00672113,-0.0118,0.012914,0.009,0.013515
1991,11,-0.0419,0.004173,0.0226,-0.01228664,-0.004,-0.003126,-0.0084,0.072878
1991,12,0.1084,-0.004691,0.0273,-0.071835977,0.0106,0.00045,-0.024,0.124933
1992,1,-0.0059,0.01542,-0.0204,0.044832172,0.0522,-0.001151,0.0919,-0.050701
1992,2,0.0109,0.022073,0.0195,0.032843368,-0.029,0.047439,0.0134,-0.033637
1992,3,-0.0266,0.019936,0.0052,0.029767867,-0.0109,0.040762,-0.0093,-0.044178
1992,4,0.0107,0.019739,-0.0028,0.053896633,-0.0338,0.097397,-0.057,-0.049928
1992,5,0.003,-0.007497,0.0143,0.016685763,-0.0015,0.004472,0.0021,0.032305
1992,6,-0.0234,0.007977,0.011,0.03011076,0.0091,0.057545,-0.0274,-0.01512
1992,7,0.0377,0.000568,0.0074,-0.006585799,0.0214,-0.031729,-0.0066,0.019468
1992,8,-0.0238,-0.009025,0.0225,-0.009075567,-0.0156,0.023991,-0.0044,0.049751
1992,9,0.0119,-0.008834,0.0247,-0.012060339,-0.0112,0.000271,0.0044,-0.009822
1992,10,0.0102,0.005956,0.0255,-0.034869418,-0.002,-0.027844,0.0209,0.039669
1992,11,0.0413,-0.001686,0.0125,-0.024701551,-0.0104,0.060788,0.0398,0.016401
1992,12,0.0153,0.010366,0.0173,0.007278613,0.0123,0.002487,0.0167,-0.044771
1993,1,0.0093,0.000247,0.0018,0.040367242,-0.0045,0.000375,0.0189,-0.060046
1993,2,0.0012,0.02393,0.0073,0.072912879,-0.0149,0.017671,-0.0347,-0.050355
1993,3,0.023,0.005161,0.025,0.003785834,-0.0095,0.040322,8.00E-04,-0.011319
1993,4,-0.0305,0.020753,0.0016,0.034555354,-0.0171,0.08013,-0.0086,-0.062361
1993,5,0.0289,-0.003593,0.0075,-0.023315838,0.0149,-0.003803,0.0193,-0.004497
1993,6,0.0031,0.014058,-0.0027,0.015154354,0.0224,0.003834,0.0016,-0.055347
1993,7,-0.0034,0.007912,4.00E-04,0.027797372,-0.0266,0.044975,0.0092,-0.05879
1993,8,0.0371,0.007651,0.0063,-0.006907295,0.0128,-0.017338,0.0011,0.021942
1993,9,-0.0012,0.014091,0.0261,-0.007605038,0.0069,-0.0097,0.0294,0.036233
1993,10,0.0141,-0.011779,-0.0045,-0.000152437,0.019,-0.00207,0.0189,0.018758
1993,11,-0.0189,0.001227,0.0219,0.014731692,-0.0139,-0.007759,-0.0118,0.032543
1993,12,0.0165,0.022577,0.0012,0.004946507,0.0107,0.028231,0.0138,-0.004597
1994,1,0.0287,0.009317,0.012,0.022386953,0.0169,0.026015,8.00E-04,-0.065295
1994,2,-0.0255,0.016046,0.0035,-0.013919021,0.0036,-0.011324,0.0267,0.056175
1994,3,-0.0478,0.012552,-0.01,0.018759138,9.00E-04,0.028264,-0.0109,0.001079
1994,4,0.0068,0.015313,0.0037,0.016172578,-0.0038,-0.035113,-0.01,-0.005071
1994,5,0.0058,0.012084,0.0099,0.009177806,6.00E-04,-0.013521,-0.0253,-0.01414
1994,6,-0.0303,0.013259,0.0171,0.019547358,0.0014,-0.026226,-0.0048,0.008696
1994,7,0.0282,-0.001256,0.0107,0.018588712,0.0149,-0.003046,-0.0179,-0.005727
1994,8,0.0401,0.026728,-0.0249,-0.025276007,0.0144,-0.022157,0.0138,0.028258
1994,9,-0.0231,0.00894,0.0087,-0.021342185,-0.0077,0.032313,0.0276,0.002385
1994,10,0.0134,0.02476,0.0126,-0.021512876,-0.0022,-0.030338,-0.0231,0.036972
1994,11,-0.0404,0.014395,0.0032,-0.000329552,-0.0201,0.035889,0.0013,0.068792
1994,12,0.0086,0.036683,0.0108,0.001800559,0.0081,-0.000904,-4.00E-04,-0.019266
1995,1,0.018,0.011994,-0.0087,0.02091316,0.04,0.013243,-0.0302,0.053771
1995,2,0.0363,0.012134,-0.0032,0.008573521,0.0239,-0.032624,-0.0054,-0.021752
1995,3,0.0219,0.007729,-0.0065,-0.019388479,-4.00E-04,-0.003367,-0.0053,-0.003053
1995,4,0.0211,0.034525,0.0098,0.013662108,-0.0052,0.00065,-0.0022,0.010435
1995,5,0.029,0.014665,0.007,0.013021079,-0.0046,-0.001048,-0.0218,0.003792
1995,6,0.0272,0.018057,0.004,-0.036190692,0.0123,-0.023165,0.0303,0.031181
1995,7,0.0372,0.003082,0.0173,-0.027188454,-0.0216,0.052932,0.0208,-0.009666
1995,8,0.0055,0.012945,0.0158,0.01461306,0.0128,-0.013473,0.0176,-0.025291
1995,9,0.0335,0.03123,0.0312,-0.011200614,-0.0089,0.030129,-0.019,0.006824
1995,10,-0.0152,0.044585,0.018,-0.007025189,-0.0102,0.079416,-0.0407,0.039091
1995,11,0.0396,-0.012686,-0.0094,-0.003685746,0.006,-0.043565,-0.0107,-0.01388
1995,12,0.0103,0.004029,0.003,0.00522276,-0.0098,0.022903,0.0073,-0.006572
1996,1,0.0226,0.014014,-0.005,0.005899269,0.01,0.017882,-0.0256,-0.027348
1996,2,0.0133,0.007299,-0.0022,-0.024545775,0.0217,-0.030558,0.0176,-0.00092
1996,3,0.0073,-0.013198,7.00E-04,0.018286172,-0.0011,-0.023759,0.0164,0.02075
1996,4,0.0206,0.011692,0.0116,-0.030621241,0.0069,-0.028351,0.047,0.00316
1996,5,0.0236,-0.014412,0.0059,-0.024062137,-0.0107,0.003269,0.0322,0.051881
1996,6,-0.0114,0.017042,-0.0032,0.02673511,-0.0018,0.051296,-0.0364,0.0426
1996,7,-0.0597,0.029389,0.0082,0.040256158,-0.0242,0.014771,-0.038,0.043326
1996,8,0.0277,-0.013885,5.00E-04,-0.01173039,0.0255,-0.040067,0.0258,0.011315
1996,9,0.0501,0.029315,0.016,-0.043045054,0.0054,-0.002443,-0.0139,0.049831
1996,10,0.0086,0.032276,0.0177,0.031244487,-0.0112,-0.006206,-0.0376,0.013355
1996,11,0.0625,0.053891,-0.0091,0.009185834,0.0021,-0.007082,-0.0382,-0.016692
1996,12,-0.017,0.017252,0.0152,0.012546753,0.0064,-0.018348,0.0326,-0.024767
1997,1,0.0499,0.025869,0.0118,-0.025123024,0.0262,-0.019063,-0.0183,0.042661
1997,2,-0.0049,0.005919,-0.009,0.041624887,0.0125,-0.094274,-0.0256,0.004424
1997,3,-0.0503,0.002063,0.0049,0.032848752,0.0088,-0.026066,-0.0042,0.008736
1997,4,0.0404,0.03018,0.0224,-0.021106572,0.0243,0.022662,-0.0571,0.064228
1997,5,0.0674,-0.014875,-0.0097,-0.02727816,0.0287,0.016787,0.0475,-0.000669
1997,6,0.041,0.001204,0.0304,-0.00766091,0.0073,0.014078,0.0121,0.000398
1997,7,0.0733,0.012828,-0.0132,-0.007993764,0.0384,-0.044198,-0.0277,-0.006177
1997,8,-0.0415,0.004387,0.0041,0.009490085,-0.0015,-0.042517,0.0763,-0.055093
1997,9,0.0535,-0.0261,-0.0024,-0.010092382,0.017,-0.002611,0.0249,-0.02909
1997,10,-0.038,-0.014188,-0.0349,0.017073908,-0.0096,0.046727,-0.0055,-0.019106
1997,11,0.0298,0.036357,0.0053,-0.001542559,-0.0201,0.082191,-0.051,0.03319
1997,12,0.0132,-0.024011,0.0232,0.018819875,-0.0291,0.057363,-0.0202,-0.021508
1998,1,0.0015,0.02597,0.0015,-0.005994019,0.0502,-0.075614,-0.0136,0.043931
1998,2,0.0704,-0.002961,0.0191,-0.009072952,0.0192,0.009277,0.002,0.047756
1998,3,0.0476,-0.010942,0.0096,0.005030362,0.0184,-0.064576,-0.0063,-0.02164
1998,4,0.0073,0.022962,0.0188,0.002496852,0.017,0.009114,-5.00E-04,0.001585
1998,5,-0.0307,0.010565,-0.0037,0.026856119,0.0075,-0.075968,-0.0292,0.003267
1998,6,0.0318,0.004236,0.0115,-0.047488748,-0.0144,0.04933,-0.0367,0.115927
1998,7,-0.0246,0.028081,0.0307,-0.022059308,-0.0207,0.012321,-0.0527,0.032695
1998,8,-0.1608,0.067132,0.0173,0.04377762,-0.0266,0.014052,-0.0517,0.041222
1998,9,0.0615,0.01275,0.0464,-0.012805828,0.0275,-0.134695,-0.0077,0.027379
1998,10,0.0713,-0.005139,-0.0421,-0.008964891,0.0985,-0.073928,-0.0342,-0.005249
1998,11,0.061,0.01295,0.0322,-0.034473134,0.0132,-0.005138,0.0071,0.049199
1998,12,0.0616,-0.022554,0.0658,-0.070758115,-0.0163,0.132263,-0.0157,0.015779
1999,1,0.035,-0.010676,0.0301,-0.036536827,-0.0232,0.156683,-0.0073,0.004494
1999,2,-0.0408,0.00011,-0.0195,0.006596961,0.0246,-0.003754,-0.052,0.006591
1999,3,0.0345,0.003997,0.0264,0.001037977,0.0021,-0.036977,-0.0423,0.060353
1999,4,0.0433,0.00444,-0.0327,0.083323862,0.0237,-0.022641,0.0453,-0.061339
1999,5,-0.0246,0.018903,0.021,0.03457423,0.0121,-0.0359,0.0374,-0.05454
1999,6,0.0477,0.04329,0.0126,-0.047516905,0.017,-0.057131,0.023,0.072239
1999,7,-0.0349,0.019786,0.0118,-0.005632622,0.015,0.002084,0.0257,0.012334
1999,8,-0.0138,0.046299,0.0075,-0.016390245,-0.0341,0.056164,-0.0172,0.059517
1999,9,-0.0279,-0.010359,-0.0063,-0.052661495,-0.0061,0.01288,0.0262,0.020455
1999,10,0.0612,0.017882,0.0481,-0.046210028,-0.0148,-0.08571,-0.0689,0.048705
1999,11,0.0337,0.011586,0.0167,-0.092132326,0.0043,0.000699,0.058,-0.045668
1999,12,0.0772,-0.006029,0.0526,-0.092802952,-0.1401,0.176347,0.0534,0.102725
2000,1,-0.0474,0.006306,0.0066,-0.008939235,0.0261,0.108842,0.0445,-0.065656
2000,2,0.0245,-0.031129,0.1198,-0.179909118,-0.1347,0.031601,0.1838,-0.010775
2000,3,0.052,0.03508,0.0036,0.055907693,0.0989,-0.06299,-0.1539,0.048159
2000,4,-0.064,0.05105,-0.0209,0.107402707,-0.0218,0.131968,-0.0496,0.022016
2000,5,-0.0442,0.037028,-0.0193,0.056642882,-0.0889,0.06948,-0.0387,0.118389
2000,6,0.0464,-0.018045,-5.00E-04,-0.140478682,0.124,-0.051669,0.0987,0.174263
2000,7,-0.0251,0.032749,0.0034,0.066266812,0.0648,-0.079947,-0.0102,-0.055016
2000,8,0.0703,-0.01098,0.0412,-0.031666034,0.0054,-0.068216,-0.0101,-0.070021
2000,9,-0.0545,0.007955,0.0329,0.044076695,0.0264,-0.085446,0.0026,0.047268
2000,10,-0.0276,0.064705,0.0046,0.030766332,-0.048,0.115745,-0.0272,0.097814
2000,11,-0.1072,0.109018,0.0056,0.065246678,-0.1463,0.097144,-0.0058,0.017219
2000,12,0.0119,0.005126,-0.0336,0.021190824,-0.0688,0.100328,0.033,-0.002239
2001,1,0.0313,-0.061594,-0.03,0.129625071,0.162,-0.077383,0.0545,-0.109218
2001,2,-0.1005,0.063589,0.0029,0.108092805,0.1219,-0.164603,0.0279,-0.050339
2001,3,-0.0726,0.026587,0.0241,0.040036242,-0.0754,0.099628,0.0236,-0.012487
2001,4,0.0794,-0.054515,0.0172,-0.054302216,0.0987,-0.094058,-0.0088,-0.009846
2001,5,0.0072,-0.002513,-0.0025,0.029535759,0.038,-0.051783,0.0359,0.03592
2001,6,-0.0194,0.019722,0.0398,-0.01298396,0.006,-0.005419,0.0657,-0.025204
2001,7,-0.0213,0.055121,-0.0431,0.016623638,0.0136,0.063489,-0.0283,-0.04245
2001,8,-0.0646,0.056455,0.025,0.008076748,-0.039,0.010217,0.0271,-0.030615
2001,9,-0.0925,0.057667,0.0461,-0.034940836,-0.0496,0.131185,-0.0573,0.013432
2001,10,0.0246,-0.005555,-0.0193,-0.005921626,0.1484,-0.109577,0.0528,0.126554
2001,11,0.0754,-0.029927,-0.0136,0.037556067,-0.0313,0.057037,-0.0031,0.00305
2001,12,0.016,-0.02257,0.0359,0.018594669,0.0168,-0.061118,0.0516,0.018127
2002,1,-0.0144,0.042877,0.0193,0.000129485,0.0213,-0.018399,0.0125,0.025135
2002,2,-0.0229,0.037643,0.012,0.004886576,5.00E-04,0.047033,-0.0036,-0.015183
2002,3,0.0424,-0.005528,0.0083,0.025067184,0.0275,0.001736,0.0424,-0.039462
2002,4,-0.052,0.040819,0.0551,0.019416781,0.0211,0.052257,0.0673,-0.055433
2002,5,-0.0138,0.006156,0.0036,0.001636551,-0.0268,0.022919,-0.0302,-0.009898
2002,6,-0.0721,0.005052,-0.0096,-0.021505849,-0.0358,-0.020799,0.0388,0.051348
2002,7,-0.0818,0.049683,-0.0051,-0.041392134,0.013,-0.093713,-0.0642,0.059699
2002,8,0.005,-0.017192,0.0015,0.005724358,0.0152,0.024196,-0.0132,0.012941
2002,9,-0.1035,0.011299,0.0228,-0.047129213,-0.0177,0.01979,0.031,0.023315
2002,10,0.0784,0.015123,-0.0363,0.017935701,0.0739,-0.143116,-0.043,0.104679
2002,11,0.0596,-0.031022,0.0086,0.113713743,0.0018,0.154989,0.0295,-0.139911
2002,12,-0.0576,0.022776,-0.0177,-0.005417751,0.1074,-0.17655,0.0064,0.031304
2003,1,-0.0257,0.007808,0.0201,0.005040556,0.0028,-0.037722,0.0067,0.012665
2003,2,-0.0188,0.013997,-0.0038,-0.030651084,-0.0069,0.000847,-0.0093,0.045881
2003,3,0.0109,-0.009347,0.0225,-0.019274291,3.00E-04,0.028695,0.0068,0.072275
2003,4,0.0822,-0.029391,-0.023,0.063503078,0.03,-0.001032,0.0105,-0.031759
2003,5,0.0605,-0.016245,-0.0037,0.070632491,-0.0152,-0.06915,0.0485,-0.055502
2003,6,0.0142,-0.001291,0.0056,0.015903196,-0.0011,0.020029,0.0166,-0.0289
2003,7,0.0235,-0.008789,0.0094,-0.019588723,0.0248,-0.045755,0.0458,-0.002844
2003,8,0.0234,-0.016327,0.0074,0.015602463,-0.015,0.040673,0.0252,-0.029638
2003,9,-0.0124,0.023261,-0.0071,0.010509597,0.0462,-0.027204,0.0055,-0.002868
2003,10,0.0608,-0.005642,0.0371,0.0066765,0.0217,-0.011742,0.0267,-0.03308
2003,11,0.0135,0.005379,0.0253,0.010577897,-0.0157,0.041463,0.0225,-0.043177
2003,12,0.0429,-0.013486,-0.0163,0.053862882,0.0184,-0.081328,-0.0253,-0.072663
2004,1,0.0215,0.00837,-0.0107,0.002273314,0.0232,-0.057647,0.0244,0.005691
2004,2,0.014,-0.000152,-0.004,0.008530108,0.0155,-0.062423,-0.0088,-0.004175
2004,3,-0.0132,-0.010578,0.0124,0.006341687,-0.0216,0.006979,0.0212,-0.002162
2004,4,-0.0183,0.01427,0.0098,0.010923565,-0.002,-0.009384,-0.0207,0.015848
2004,5,0.0117,-0.002178,0.0016,-0.011408353,0.0228,-0.033888,-0.0042,0.002382
2004,6,0.0186,0.006322,0.026,0.022042182,0.0032,0.000374,0.0257,0.00375
2004,7,-0.0406,0.030646,0.0155,0.03496136,-0.014,0.023711,-0.0294,0.022928
2004,8,8.00E-04,0.00176,0.0042,0.008189464,-0.0239,0.05241,-0.0115,-0.00341
2004,9,0.016,-0.016176,0.012,-0.007760383,0.031,-0.007937,0.0327,-0.040464
2004,10,0.0143,3.30E-05,-0.004,0.00042167,0.0025,-0.013558,0.0019,0.021132
2004,11,0.0454,-0.016565,-0.0113,0.02006891,0.0153,0.024628,0.0411,-0.057978
2004,12,0.0343,-0.011293,0.0032,0.010717498,0.0094,0.005086,-5.00E-04,0.008546
2005,1,-0.0276,0.012576,0.0043,0.001860848,0.0146,-0.002355,-0.0118,0.020501
2005,2,0.0189,0.006662,0.0058,0.00691834,-0.0245,0.041764,-0.003,-0.032075
2005,3,-0.0197,0.018949,0.0012,0.020795597,9.00E-04,-0.03554,-0.0142,0.009736
2005,4,-0.0261,0.021604,1.00E-04,-0.009528049,-0.0184,0.060246,-0.0398,0.024955
2005,5,0.0365,0.004258,0.0195,-0.006332059,0.0316,-0.004333,0.0279,0.007164
2005,6,0.0057,-0.004162,-0.0025,0.014180107,3.00E-04,0.031909,0.0328,-0.037779
2005,7,0.0392,-0.004032,1.00E-04,-0.003168204,-0.0019,0.009012,0.0279,-0.023493
2005,8,-0.0122,-0.006057,0.003,0.001916804,-0.0137,0.00151,-0.009,-0.007489
2005,9,0.0049,0.002596,0.0325,-0.005328047,-0.0369,0.083959,-0.0036,-0.017983
2005,10,-0.0202,-0.005479,-0.0051,-0.002373334,0.0161,-0.042895,-0.0143,0.062567
2005,11,0.0361,-0.006024,0.0091,-0.004864787,0.001,0.001266,0.0084,-0.009943
2005,12,-0.0025,0.010851,-0.0092,0.004511687,0.0204,0.028296,-0.002,-0.014286
2006,1,0.0304,0.008754,-0.0032,-0.009919982,-0.01,0.066609,0.0577,-0.014306
2006,2,-0.003,-0.010037,-0.0063,0.010173691,0.0339,-0.086158,-0.0043,0.023516
2006,3,0.0146,-0.007847,0.0205,-0.00818164,-8.00E-04,-0.013137,0.034,-0.009021
2006,4,0.0073,-0.001292,0.0066,0.013447061,-0.0034,0.055352,-0.0085,-0.030477
2006,5,-0.0357,-0.01598,0.0132,0.02565086,-4.00E-04,-0.027557,-0.0286,0.01454
2006,6,-0.0035,0.006258,0.0134,0.002366604,-0.0057,0.022846,-0.0022,0.028302
2006,7,-0.0078,0.032009,-0.0114,0.023317501,0.0022,0.062504,-0.0364,-0.018004
2006,8,0.0203,-0.001446,-0.0182,-0.004986534,0.0177,0.027439,0.0042,-0.021509
2006,9,0.0184,0.009511,-0.004,0.005346266,0.0076,0.045576,-0.0143,0.032736
2006,10,0.0323,0.00445,-0.0256,0.002806058,-0.0026,0.003248,0.0195,-0.000321
2006,11,0.0171,-0.008997,6.00E-04,0.000480838,-0.0091,0.016531,0.0073,-0.02027
2006,12,0.0087,-0.012249,-0.0059,0.024013282,0.0241,-0.013204,-0.008,0.007457
2007,1,0.014,0.000683,-0.0078,-0.00363142,0.0109,-0.030151,9.00E-04,-0.007957
2007,2,-0.0196,-0.000687,-0.0051,0.005021668,0.0018,0.039487,0.0128,0.000226
2007,3,0.0068,-0.002037,0.0138,-0.005905168,-0.0205,0.009265,0.0018,-0.030711
2007,4,0.0349,0.011127,-0.0164,-0.006899576,-0.0031,0.01369,-0.0206,0.003209
2007,5,0.0324,0.001331,0.0129,0.000490665,-0.0099,0.034385,0.0038,-0.002057
2007,6,-0.0196,-0.005937,0.0147,-0.01185263,-0.0065,0.032748,0.0075,-0.002268
2007,7,-0.0373,0.000496,0.0135,-0.044558799,-0.0358,0.044426,-0.0298,0.039021
2007,8,0.0092,0.004943,0.0063,-0.017508107,-0.0261,0.02992,-0.0038,0.026164
2007,9,0.0322,-0.004745,0.0358,-0.028184447,0.0036,0.071322,-0.0242,0.00107
2007,10,0.018,0.003453,0.012,-0.051609755,-0.0396,0.070293,-4.00E-04,0.024952
2007,11,-0.0483,0.014361,-0.0031,-0.017455225,-0.0169,0.010009,-0.0302,0.03797
2007,12,-0.0087,0.010642,0.0302,-0.02240224,-0.0205,0.019782,0.0018,0.001345
2008,1,-0.0636,-0.008164,-0.0293,0.079656004,0.0693,-0.043849,-0.0061,0.034526
2008,2,-0.0309,0.0136,-0.0012,-0.043007716,0.0505,-0.086986,-0.0064,-0.002211
2008,3,-0.0093,-0.000305,-0.0061,-0.009724149,-0.0037,-0.017615,0.0061,0.043495
2008,4,0.046,0.033207,-0.0061,-0.008493142,0.0313,-0.104744,-0.0119,0.007161
2008,5,0.0186,0.000761,0.0185,-0.052548199,-0.0228,0.095795,0.0302,-0.012107
2008,6,-0.0844,0.010367,0.0329,-0.090754818,-0.0709,0.159584,0.0119,-0.008309
2008,7,-0.0077,-0.000734,-0.0474,0.045447198,0.0787,-0.069385,0.037,0.083221
2008,8,0.0153,0.02079,-0.0267,0.037178835,-0.0051,0.022883,0.034,0.027047
2008,9,-0.0924,0.034517,0.0129,0.018056561,-0.0375,0.239788,0.0025,0.089829
2008,10,-0.1723,0.067538,0.0173,-0.060133317,-0.0937,0.124664,-0.0328,0.158828
2008,11,-0.0786,0.021843,0.0063,-0.076354219,-0.0999,0.070538,-0.0392,0.128103
2008,12,0.0174,-0.008413,-0.0178,0.053666844,0.0546,-0.041066,0.0331,0.008674
2009,1,-0.0812,0.024051,0.0067,-0.053677112,0.0019,-0.048499,-0.0208,0.015908
2009,2,-0.101,0.028875,0.0193,-0.091444371,-0.0701,0.089281,-0.013,0.090797
2009,3,0.0895,0.000801,-0.0063,0.076490596,0.0304,0.013402,0.0066,-0.000879
2009,4,0.1018,-0.017967,-0.0903,0.268644126,-0.0652,0.126645,0.0704,-0.234383
2009,5,0.0521,-0.005583,-0.0324,0.061035924,-0.0271,-0.086713,-0.0231,-0.049976
2009,6,0.0043,0.024952,-0.023,-0.020870804,0.048,-0.03267,0.0231,0.024909
2009,7,0.0772,-0.010287,0.0149,0.060091839,0.0443,-0.088995,0.024,-0.039518
2009,8,0.0333,-0.015815,-7.00E-04,0.07927193,-0.0208,0.039364,-8.00E-04,-0.022383
2009,9,0.0408,-0.026301,0.009,0.018342804,0.0112,0.012504,0.0272,-0.046603
2009,10,-0.0259,0.029368,-0.0186,-0.016528036,0.0214,0.041717,-0.0492,0.024117
2009,11,0.0556,-0.003254,3.00E-04,-0.006561067,0.0045,-0.046333,-0.0268,0.014131
2009,12,0.0275,-0.00126,-0.0088,0.000730629,0.0146,-0.064016,0.0624,-0.012868
2010,1,-0.0336,-0.006848,-0.0251,0.032768313,0.0364,-0.027712,0.0035,0.030307
2010,2,0.034,-0.005169,-0.0012,0.008241065,0.0163,-0.077328,0.0151,-0.020236
2010,3,0.0631,-0.016988,-0.0146,0.020608347,0.008,0.027182,0.0185,0.008551
2010,4,0.02,-0.023485,-0.0174,0.027283589,-0.0186,0.082067,0.0498,-0.03288
2010,5,-0.0789,0.017369,0.0124,-0.017134331,0.0052,0.00022,4.00E-04,0.048454
2010,6,-0.0557,0.019251,0.0268,-0.025730499,-0.0487,0.071798,-0.0247,0.054802
2010,7,0.0693,0.003616,-0.0181,0.01940324,0.0411,-0.046656,0.0016,-0.051969
2010,8,-0.0477,-0.006431,0.0252,-0.015024732,0.01,-0.026824,-0.0311,0.012703
2010,9,0.0954,0.000482,0.0257,-0.013902987,0.0329,-0.110154,0.0376,-0.013014
2010,10,0.0388,0.004416,0.0164,-0.018615082,-0.0134,-0.018829,0.0086,-0.004365
2010,11,0.006,-0.006138,0.0037,-0.011363431,-0.0095,0.030658,0.0366,0.000746
2010,12,0.0682,-0.022435,-0.0218,0.037867772,0.0228,0.010995,0.0098,-0.082389
2011,1,0.0199,-0.013438,-5.00E-04,0.010828214,-9.00E-04,0.037694,-0.0237,-0.007311
2011,2,0.0349,-0.008146,0.0219,0.001875613,-0.0069,-0.002536,0.0161,-0.024687
2011,3,0.0046,0.002831,0.0076,-0.015884645,-0.0086,0.055541,0.0264,-0.009429
2011,4,0.029,0.010881,-0.0036,-0.016654976,-0.0108,-0.035688,-0.005,0.031069
2011,5,-0.0127,0.013797,-0.0054,-0.010268983,-0.0122,0.026185,-0.0071,0.0438
2011,6,-0.0175,0.010009,0.0113,-0.010095757,-0.0093,0.008996,0.0013,0.003636
2011,7,-0.0235,0.00659,0.0072,-0.017779949,-0.0109,-0.001231,-0.0122,0.038179
2011,8,-0.0599,0.027195,0.0106,-0.021501554,-0.0135,0.051709,-0.0322,0.08964
2011,9,-0.0759,0.04899,0.0771,-0.019948087,-0.0957,0.142257,-0.0367,0.112365
2011,10,0.1135,-0.017028,-0.0538,0.022069634,0.1221,-0.163716,0.0348,-0.094705
2011,11,-0.0028,0.012147,0.0274,-0.012424446,0.0125,0.01578,-0.0028,-0.006573
2011,12,0.0074,-0.006067,-0.0046,0.014757592,-0.0154,0.02871,-0.0033,0.025756
2012,1,0.0505,-0.01312,-0.0139,0.009497862,0.0656,-0.032489,0.0207,0.015291
2012,2,0.0442,0.000126,0.0023,0.006713149,-0.0034,-0.027812,-0.0171,0.003171
2012,3,0.0311,0.017917,0.0084,-0.003331454,-0.008,0.059024,-0.0049,0.057702
2012,4,-0.0085,-0.003668,-0.0045,-0.015769394,-0.0046,0.013594,-0.0054,0.022885
2012,5,-0.0619,0.02338,-0.0122,-0.01334919,-0.0334,0.003337,-0.001,0.075691
2012,6,0.0389,0.003348,0.0192,0.00429867,-0.0079,0.017248,0.0081,-0.021881
2012,7,0.0079,0.009827,0.0112,-0.006558305,0.0148,-0.001963,-0.0276,0.029269
2012,8,0.0255,-0.004037,-0.0247,0.012184144,0.0303,-0.074349,0.0045,-0.004002
2012,9,0.0273,-0.006612,9.00E-04,0.012490384,-0.0019,0.046383,0.0064,-0.029058
2012,10,-0.0176,-0.037334,0.007,0.032343296,0.0025,-0.006314,-0.0091,-0.057615
2012,11,0.0078,0.00152,0.0072,-0.009393809,0.0091,-0.022712,0.0044,0.00338
2012,12,0.0118,-0.026321,-0.008,0.028455723,0.0018,-0.004708,0.0192,-0.051572
2013,1,0.0557,-0.01638,0.004,0.011518989,-0.0142,0.008166,0.0046,-0.051284
2013,2,0.0129,0.004262,0.0162,-0.000963302,-0.0119,0.033133,-0.0029,0.004321
2013,3,0.0403,-0.01161,0.0082,-0.002580959,-0.0186,0.04011,0.0087,-0.017736
2013,4,0.0155,-0.002819,-0.0225,-0.001610815,-0.0119,0.03209,-0.0224,0.00589
2013,5,0.028,-0.014219,-0.0012,0.012871754,0.0164,-0.013743,0.0208,-0.024839
2013,6,-0.012,0.005964,0.0164,0.000584167,0.005,-0.017812,0.0156,0.003624
2013,7,0.0565,-0.01124,0.0136,0.006660625,0.0192,0.038204,0.0181,0.017297
2013,8,-0.0271,0.001587,0.0068,-0.008997003,-0.0081,0.016236,-7.00E-04,-0.011497
2013,9,0.0377,-0.010133,0.0125,-0.013989587,-0.0046,-0.020202,0.0265,-0.034087
2013,10,0.0418,0.007823,0.0076,0.007244411,-0.0014,-0.009817,-0.015,-0.015926
2013,11,0.0313,0.012051,-0.0063,-0.005184703,0.0067,-0.004667,0.014,0.044685
2013,12,0.0281,-0.017385,-0.0091,-0.005092755,0.0135,-0.002719,-0.0044,-0.003789
2014,1,-0.0332,0.003524,0.001,-0.00901427,0.0033,-0.011285,0.0059,0.005799
2014,2,0.0465,-0.000343,0.0151,-0.009496538,-0.0019,0.02748,0.0016,-0.018772
2014,3,0.0043,0.015414,-0.0152,0.034415816,0.0266,-0.035931,-0.0113,0.005691
2014,4,-0.0019,0.006894,-0.0305,0.024334649,-0.021,0.015605,-0.0413,-0.002448
2014,5,0.0206,0.005021,0.0062,-0.004387289,0.0047,-0.048393,-0.0189,-0.01384
2014,6,0.0261,0.002626,6.00E-04,-0.002620486,-0.0051,-0.028166,0.031,-0.044639
2014,7,-0.0204,0.012346,0.0059,0.002014955,0.0265,-0.035962,-0.0426,-0.004505
2014,8,0.0424,0.00233,-0.011,-0.0098923,0.0161,0.000441,0.003,0.019189
2014,9,-0.0197,0.021813,0.0302,-0.025027733,-0.0019,-0.004807,-0.0372,0.054143
2014,10,0.0252,-0.001556,0.0248,-0.024236325,-0.026,0.074907,0.0377,0.052661
2014,11,0.0255,0.004488,0.0182,-0.030306061,-0.0329,0.066557,-0.0224,0.059075
2014,12,-6.00E-04,0.002952,0.0212,-0.000266323,-0.0102,0.030602,0.0286,0.012293
2015,1,-0.0311,0.014077,-0.002,-0.039119565,-0.004,0.135877,-0.009,0.038116
2015,2,0.0613,-0.008935,-0.0228,-0.002017899,0.0353,-0.05371,0.003,-0.007101
2015,3,-0.0112,-0.00018,0.0224,-0.022612658,-0.0012,-0.015503,0.031,0.009956
2015,4,0.0059,-0.002334,-0.0338,0.044017509,0.0413,-0.114605,-0.0308,-0.035602
2015,5,0.0136,0.002893,-0.0034,-0.034324661,0.0245,-0.080969,0.0081,0.017564
2015,6,-0.0153,-0.006691,0.0197,-0.02427356,-0.0358,0.051957,0.0288,0.013038
2015,7,0.0154,0.026044,0.0575,-0.057387904,-0.0496,0.094587,-0.0459,0.061276
2015,8,-0.0604,0.002546,-0.001,0.019811523,0.0151,-0.03925,0.0027,-0.007107
2015,9,-0.0307,0.034688,0.0268,-0.025185719,-0.0321,-0.066578,-0.0279,0.05218
2015,10,0.0775,0.010524,-0.014,0.005255547,0.009,0.092966,-0.0206,-0.080605
2015,11,0.0056,0.004729,0.0111,-0.026536288,0.001,-0.054609,0.033,0.004817
2015,12,-0.0217,0.032155,1.00E-04,-0.035095375,0.0115,-0.016154,-0.0297,0.045105
2016,1,-0.0577,0.04792,0.0076,-0.006408785,-0.0286,0.052441,-0.0342,0.060994
2016,2,-7.00E-04,-0.001342,-0.0367,0.022042492,-0.01,0.037879,0.0093,0.031162
2016,3,0.0696,-0.027595,-0.0127,0.071333052,0.0155,0.055009,0.0101,-0.055926
2016,4,0.0091,-0.052387,-0.0286,0.08539808,0.0037,0.091883,0.0115,-0.028824
2016,5,0.0178,0.022386,-0.0271,-0.036972446,0.0011,-0.09786,-0.0064,0.024525
2016,6,-5.00E-04,-0.00874,0.0326,-0.006430302,0.0144,-0.099724,0.0044,0.048915
2016,7,0.0395,0.022517,-0.0105,-0.018475304,0.0455,-0.040977,0.0248,-0.029176
2016,8,0.0049,-0.003863,-0.0108,0.013762952,-0.0035,-0.04753,0.0169,-0.01348
2016,9,0.0025,-0.009297,0.0392,-0.002939846,3.00E-04,-0.036482,0.0186,-0.04022
2016,10,-0.0202,0.020286,-0.0136,0.026503308,0.0255,0.025471,-0.0404,-0.013066
2016,11,0.0486,-0.025273,0.0232,0.052205683,0.0029,0.002296,0.0704,-0.02793
2016,12,0.0181,0.008567,-0.0168,0.027942947,-0.0118,-0.055618,0.0041,-0.003505
2017,1,0.0194,0.006337,-0.0165,-0.005412743,0.0334,0.009783,-0.0143,0.007316
2017,2,0.0357,0.023822,-0.0134,-0.017404278,-0.0106,-0.013256,-0.0223,0.03876
2017,3,0.0017,0.012449,0.0166,-0.026090425,-0.0083,0.001691,0.0074,0.009908
2017,4,0.0109,0.01684,0.0072,-0.025904754,-0.021,-0.020865,0.0047,0.014005
2017,5,0.0106,0.026917,0.015,-0.04783706,-0.0339,0.037984,-0.0304,0.03755
2017,6,0.0078,-0.018761,-0.0065,0.017138091,0.0408,-0.022866,0.0257,0.018192
2017,7,0.0187,0.010232,0.0086,-0.002255434,0.0202,-0.05285,-0.0162,-0.00373
2017,8,0.0016,0.015301,0.0121,-0.027017645,-0.0034,0.028262,-0.0182,0.027858
2017,9,0.0251,-0.017976,-0.0202,0.022248099,0.0279,0.009659,0.0474,-0.026338
2017,10,0.0225,0.028974,0.0107,-0.024714269,-0.0073,0.013968,-0.0195,0.000154
2017,11,0.0312,0.011391,0.0058,-0.001328058,0.0043,-0.005077,-0.0035,0.021039
2017,12,0.0106,-0.010643,-0.0013,0.016887439,-0.0076,-0.067877,-0.0107,-0.029078
2018,1,0.0558,0.026001,0.0299,-0.026941743,0.0074,-0.016309,-0.0325,0.013874
2018,2,-0.0365,0.04466,0.013,-0.031631971,-0.0105,0.031106,0.0033,0.02791
2018,3,-0.0235,0.004646,-0.0028,0.008932303,0.003,-0.028159,0.0359,-0.011836
2018,4,0.0029,-0.008116,-0.0072,0.021414606,-0.0078,0.01553,0.009,-0.01547
2018,5,0.0265,0.02242,0.0177,-0.03262677,-0.0012,-0.009985,0.0478,-0.006724
2018,6,0.0048,0.000886,0.0074,0.00189163,0.0065,0.000975,0.008,-0.007898
2018,7,0.0319,0.014167,-0.0224,0.002453909,0.0173,-0.058032,-0.0194,-0.00474
2018,8,0.0344,0.041681,0.0577,-0.048165052,0.0152,0.024563,0.0063,0.119516
2018,9,6.00E-04,0.00973,0.0086,-0.001301464,8.00E-04,0.039204,-0.0249,0.006098
2018,10,-0.0768,-0.007515,-5.00E-04,0.03371213,0.0127,-0.022012,-0.0446,0.059378
2018,11,0.0169,0.027812,0.0021,-0.014089402,0.0126,-0.038726,-0.0077,-0.03281
2018,12,-0.0955,0.025216,0.0211,-0.025266929,-0.0164,-0.048924,-0.029,0.011023
2019,1,0.0841,-0.071495,-0.027,0.030542593,0.0819,-0.052728,0.0301,-0.040673
2019,2,0.034,0.012502,0.0028,-0.027543247,-6.00E-04,0.049338,0.0172,0.043627
2019,3,0.011,0.006624,-0.0018,-0.025829585,9.00E-04,-0.025702,-0.0347,0.026598
2019,4,0.0397,0.010648,0.0165,0.006483591,0.0088,0.008829,-0.0114,0.008372
2019,5,-0.0694,0.00169,0.0186,-0.038731807,0.008,0.003597,-0.0158,0.022038
2019,6,0.0693,-0.003229,0.02,-0.002908536,0.0379,-0.037764,0.0036,0.036545
2019,7,0.0119,0.013086,0.0237,-0.010237589,-0.0019,0.02431,-0.0187,0.043262
2019,8,-0.0258,0.014881,0.0441,-0.052644683,-0.0232,0.02218,-0.0322,0.04448
2019,9,0.0143,-0.018666,-0.0228,0.059249985,0.0504,-0.010672,0.003,0.004003
2019,10,0.0207,0.01945,2.00E-04,-0.02427705,-0.0041,0.030575,0.0022,0.041766
2019,11,0.0387,-0.006457,-0.0036,-0.017941357,-0.002,0.051115,0.0049,0.010455
2019,12,0.0277,-0.008055,-0.0052,0.033690317,0.0069,-0.046776,0.0095,0.007899
2020,1,-0.001,0.024784,-0.0059,-0.082733246,0.0257,-0.009713,-0.044,0.047967
2020,2,-0.0813,0.014416,0.006,-0.030345568,-0.0242,0.03133,-1.00E-04,0.005097
2020,3,-0.1338,0.118307,0.0639,-0.144099581,-0.1175,-0.004583,-0.0836,0.096192
2020,4,0.1365,-0.022196,-0.0245,0.104743896,0.1582,0.040347,0.0266,0.001983
2020,5,0.0558,0.006912,0.0019,-0.036013635,-0.0324,0.012007,0.0202,0.046413
2020,6,0.0246,0.017125,0.0439,-0.003201826,-0.019,-0.029741,0.0194,0.077827
2020,7,0.0577,0.017869,0.0206,-0.048650238,-0.0325,0.056618,-0.0317,0.006917
2020,8,0.0763,-0.016586,0.0245,-0.003220444,-0.0228,0.054939,-0.0092,-0.018438
2020,9,-0.0363,0.008326,-0.0085,-0.031159799,0.0046,-0.006203,1.00E-04,0.058972
2020,10,-0.021,0.000772,-0.0115,0.030540588,0.0064,0.004884,0.0466,0.012623
2020,11,0.1247,-0.096046,-0.0232,0.126476119,0.0302,0.015022,0.0699,-0.013506
2020,12,0.0463,-0.009909,-0.0021,-0.00589212,-0.0306,0.053841,0.0473,-0.001424
2021,1,-3.00E-04,-0.072774,-0.0354,0.004769411,0.0074,0.098473,0.0677,-0.006534
2021,2,0.0278,-0.05474,0.0055,0.100839362,0.045,-0.022012,0.0453,-0.020171
2021,3,0.0308,-0.01476,-0.0303,0.065416415,-0.0087,0.072904,-0.0093,-0.005557
2021,4,0.0493,0.021879,0.0241,0.001179324,0.0132,0.013825,-0.031,-0.002927
2021,5,0.0029,-0.017836,0.0253,0.065734128,0.0134,-0.124751,0.0119,0.025113
2021,6,0.0275,0.037346,-0.0197,-0.05017873,0.0311,-0.025103,-0.0028,0.039151
2021,7,0.0127,0.052153,0.0048,-0.01005425,-0.0067,-0.000482,-0.0455,0.046761
2021,8,0.0291,0.022894,0.0022,-0.011435226,-0.0155,0.029802,-0.0078,0.01196
2021,9,-0.0437,-0.047885,-0.0019,0.054705185,0.0079,0.027627,0.0121,-0.021055
2021,10,0.0665,0.035182,0.0311,-0.016656976,-0.0161,0.019637,-0.0271,0.026409
2021,11,-0.0155,0.049244,0.011,-0.021198129,-0.0261,0.068495,-0.0173,0.100804
2021,12,0.031,0.011868,-5.00E-04,0.036391632,-0.0034,0.01675,-0.0069,0.023719
