RRA1,RRA2,RRA3,RRA4,RRA5
-0.041832970783036,-0.00110012556119997,0.00176682404874886,0.0112257325113212,-0.00189075296676994
-0.0561698953312505,-0.00636965641557958,-0.00441585733106542,0.00427555514500031,-0.0048648993105278
-0.0197385070548372,-0.00438890483648627,0.0025645456234963,0.0107747107666428,-0.00311270247887085
-0.0560077863923631,0.0065787494003238,-0.000937184882907583,0.0184304587665379,0.00118377931599646
-0.0550902856213115,-0.0235015603188025,0.00242457703962368,0.0128190560718677,-0.000165689125130523
-0.0269097008535068,-0.00374540904701397,-0.0028558311780162,0.0109289103715403,-0.00422183005491552
0.0792941176894766,0.0111570558563623,-0.00531764849912566,-0.0379502940551684,0.000355503242191285
-0.0347935540013915,-0.00178463930927305,-0.00469530813832739,0.000428693929598734,0.00326483682857233
0.0649013779684783,0.00797189441712243,0.0133124553284855,-0.00528126908465202,0.004988634507589
-0.00697438505247124,0.00247339674313542,0.00129975859841904,0.0162533833133382,0.00749288792337776
-0.131289484743424,-0.00580597759084643,-0.0203068103216129,0.00919000619633473,-0.00119082682798167
-0.0103078035131053,-0.0232912220490578,0.0101116573584953,0.0280947902895826,0.00926985426904747
0.0590494909010801,0.0657246658521056,-0.00203300386980882,-0.0107859955702304,-0.00533694852084796
0.0010854385050461,0.00746275480091456,0.00329402115070984,0.00998775204790988,-0.00143687062227535
-0.0109311422802718,0.0195656133785108,-0.00662415852543164,-0.0122425093503845,0.00100327505010067
-0.0436384467335438,0.00530375315991807,-0.0117000084581178,-0.00490684612965271,0.00239475443816833
-0.0549146540314741,-0.00652950925038937,-0.00928026136300714,-0.00763254952081751,-0.00575180757430156
-0.0208773484844779,0.00480704540733503,-0.0020522704115259,0.00220383233444014,0.00819197320320933
-0.0414928411107687,0.025577116769829,-0.00941653390946237,-0.00337030426143316,0.0137857245425178
-0.0649977924304173,0.0170751627845596,-0.0241656963478708,-0.00910638303597988,0.000399636595057036
-0.0719573165292591,0.0341476771023413,-0.015217253288665,-0.00725418017797854,0.0135848006735247
0.0856280068191874,-0.0642022721675528,0.0363439931242484,0.0152312785608138,-0.0119610385903402
-0.0366243941258379,-0.000440417974236522,-0.0076357737945703,-0.00184214401816981,0.00448240567836271
-0.0469670364331452,-0.0145576076059059,9.26361425745173e-05,0.00306399966213736,0.0011191669311612
0.175746366138883,0.0633113423414934,0.0387016928520492,0.00666890938655422,-0.0150666990980501
0.0334526068394718,-0.0188205673898812,0.00603255961778657,0.000249926658560729,-0.00749205791914649
0.0453568417430846,0.0151424217305769,-0.00245067656637196,-0.00295900427858908,-0.00649300091106919
0.0288816470595003,-0.0141573792556605,0.0104481673026729,0.00597748320189254,0.00365399434634749
0.0510338586769737,0.00301521089980892,0.00437528044985951,0.0014611138407207,0.000195439208258441
0.0468598271004288,0.00491405628463057,0.0155708696550455,0.0132708553094195,-0.00070441716402192
-0.031335699917505,0.0314730351032177,-0.0157515400722232,-0.00866368432412274,0.00657974870296783
-0.034619221117928,-0.0122971086104605,0.00177751302969462,-0.00814825727901939,0.00168241958585389
-0.0316798567359776,0.0082257157217569,-0.00679067491917042,-0.00571873053494202,0.00336746334271641
0.0229528217987501,-0.0222424835655899,0.0241456196639533,0.0134346242767302,-0.00402780696562238
0.0174057890295344,-0.00482293812125612,0.0116365773009546,0.0125639774519477,-0.00172982672200265
-0.0112214696843516,0.00519665600079774,0.000210492270147036,-0.00191271242624712,-0.000593544843593099
0.126882119879407,0.0250892456640321,0.0240213570957024,0.039466572233082,-0.00228236420129037
0.046710130716341,0.0474529620034012,-0.01220768290865,0.0105021678662965,0.00129624091166241
0.00877173652436808,-0.00676995331824606,0.00532530770728852,0.0076182893579558,-0.00757544306316916
-0.0113533173306346,0.00294483085027297,0.00259048742838059,-0.0045558720253421,0.00551652661817994
-0.0166329156278287,-0.00672553557056983,-0.00239809529736564,-0.00690515506809532,0.000236871657223329
0.0262339884963502,-0.00930385573281501,0.0116336555271438,0.0108995659225154,-0.00386159763093025
-0.0040946278775322,0.00761343159871935,0.00208450169319656,-0.00091735678536291,0.00252158587549779
-0.0137203407465622,-0.00718448951995252,0.00759586951593732,0.00227794061590817,0.000483104108385913
0.0149980964285571,-0.00448907282680472,0.00652810138565371,0.00166554247434658,0.0028908345578046
-0.0180376854553734,0.00334892301497111,-0.00120514773068862,-0.00750174680932549,0.00479666637173624
0.0178164458526365,0.0121041840484478,-0.00414799973167581,0.00345575125321238,0.00537521236787205
0.0622557830727776,0.0136999972265229,0.0134415367041531,0.0139959238197989,0.000396543431990904
-0.00108640074320434,0.0416315311792103,-0.0161493284990282,0.00271649817045501,0.00719231039292544
-0.0101004763805936,0.00939878144922093,-0.00375865432019814,-0.00570611104299801,0.00298216193676056
-0.00291498907729761,0.00951807144589267,-0.00411410583924706,-0.0012316220983657,0.00210841531790252
0.00679426197225582,0.00406618699770131,0.00218620549939836,0.011120337073383,0.00675457848223019
-0.00454263233148944,0.00736446779010962,-0.00237360556524722,-0.00150737837726606,0.00650503518204136
0.0421287202532215,-0.00319347524764779,0.00212118120901274,0.00758334433793396,-0.000175375010226568
-0.0044577904807801,0.0141978702050507,-0.00461832490450014,-0.00241661104861697,0.000799857132934155
-0.009526849149023,0.00423729661351226,-0.0103701669198118,-0.00736537954776366,-0.00304070615751747
0.00309022112118321,0.00568075226092405,-0.00266260721470497,-0.000681124320811246,0.00359036768320138
-0.0252237266012097,0.0153451171790085,-0.00707461596329293,-0.0098343514258679,0.00442415181001755
0.0499381495417555,0.00733448250136893,0.00866988029277926,0.00205319778420763,0.00959213546733754
0.00833270380128526,0.00644265192381377,-0.000500980545620564,6.97538342498048e-06,0.00560134532280682
-0.0291945041014391,0.0301448533208826,-0.0156810090179312,-0.00713952649424526,-0.00168772018611941
0.0071461633144418,0.0201873279786451,-0.00536877624119163,-0.00295086772391819,0.00782306808025675
0.042792386669066,0.0161817246761433,0.0024225598593696,0.00897594612879893,0.00230285007019176
0.0563572068248642,-0.0187784701034809,0.0182488722963048,0.0101105858867378,0.00284061441585376
0.035617793970629,0.0170849197120002,-0.00568058456748231,0.000741149205431205,0.00693285859416126
-0.00380350009909017,0.012692001513643,-0.00550160864992743,0.00121646301752268,0.00371545595238473
0.0386446486062757,-0.0091415354059944,0.0105638329002465,0.0120414898904687,0.00420817170789363
0.04995288615127,0.0169133659584765,0.00210033685829693,0.0063545484211526,0.00996568964348957
-0.0104840611446752,0.00928342342083396,0.00300458670731444,-0.00140423598855375,-0.00514009472213776
-0.135107590463868,-0.0183290635709764,0.000976920896732997,-0.0190402964914536,-0.0156947385553896
0.0341444007587789,0.00116403513565968,-0.00336790577613372,-0.00557900109161532,0.007100619155351
0.00809077267780118,0.00011275704250707,-0.0041219668071454,0.0006923295486226,0.00298627859628986
0.0532952880257456,0.0188906210897047,0.0109691470705875,0.0063406041357983,0.00171888096063149
-0.0250715609563657,0.011017265188501,-0.0100367693116502,-0.0030083400628283,-0.00275183184900935
0.0587081631183945,0.00088236057132182,0.0032428176392747,0.00767222586725882,0.00578583038041792
0.00996907845331628,0.0126316871169868,-0.00467454090934603,0.00155845356628967,0.00239498597541433
-0.0155375498916861,0.00606970023760964,-0.00196394669011678,-0.00515707239858411,0.00137151436334819
0.033928242293732,-0.000810842804783208,0.00622068247565342,0.00980093816248425,0.000546782333442907
0.0161208284004022,0.00553529991136625,0.0104440382662342,-0.00203327138927995,0.00818680812174321
0.0500457744953356,-0.00463030698560574,0.0131133757752665,0.000527144110955642,0.00779419274958159
-0.00858546972493381,-0.00022208431840427,-0.00909242290864361,0.0108750314430204,-0.00128017696614713
-0.0782629903277045,-0.00895995297914112,-0.0177947967923727,-0.01151374010184,-0.00254046222690392
0.0504573386775404,-0.00616522043256724,-0.000671048689752689,0.00601019972495669,0.0127511094339674
0.0341206403162684,0.0116141696388436,-0.010994122312076,0.00403623247520179,0.00986113507580172
0.0478373569748102,0.00141527473034112,-0.000670832056485669,0.0327859054314497,0.00115735571195259
-0.020224841345411,-0.00872026001234671,-0.0173468364004802,0.019214772700812,-0.00171293604604113
-0.123458263489333,-0.011208462951502,0.00221364358747922,-0.0452182913425131,-0.00769878670361798
0.0366044028542025,0.00145838467964861,0.0132210655262543,0.00744358893840626,0.00481586722890915
0.0508931604520977,0.00376825134364864,0.0163354243281994,0.00460376892912189,0.00374869081821947
0.0277027523453788,-0.000609282268672132,0.00721056652120357,0.00368433695729491,0.00748044515411973
0.0642903635716618,-0.00391920917785419,0.00499492739976769,-0.0126177547463313,0.00802866911246053
0.03283422617423,0.0135776170083057,-0.00915488327153,0.00123145229442737,0.007958368787638
0.0184803548207279,-0.0101926550679613,-0.00323483057177539,0.00303001598984813,0.00716151229035041
0.0169942678311871,0.00334026663328113,-0.0124087408535274,0.00881558006819221,0.00808098071550018
0.0485174716134733,-0.0544930155470775,-0.00679597073129291,0.0308822965084726,0.00276480782742976
-0.0296840645023772,0.0128631837396908,0.0114649305575241,-0.0212611271398141,0.00284098160895802
-0.0160437127421645,0.0420993667295832,0.00352084489182134,-0.005809375029424,0.00035535784110296
0.00226110585325023,-3.83389659623231e-05,0.0102442508778845,0.00510475780929513,0.00128708855783782
0.045233615005515,0.0098938803240199,0.00948185174783541,-0.00200207907926655,0.00998133049523903
0.00737985036215783,0.0305960314828816,-0.00232880614830907,-0.0069476080436356,0.0114856677962027
0.0112195020619369,0.00690272981137066,-0.00514854678539945,-0.00133259865670583,0.0110371209170879
-0.0195484045795409,0.0145176231675752,0.0126126332507652,0.0046628244734335,-0.00783865802556582
-0.0214413185429504,-0.0107430647207933,-0.0055153316524121,-0.00706873219916995,-0.00554893651429819
-0.0587081911560444,0.0116105636120245,-0.00483001308313923,-0.000968923698934244,-0.00286802392826091
-0.062728964843862,0.00652685340167376,-0.0011800119812981,-0.000648368757217884,0.00248457613578286
0.0450190001796053,-0.00564437320737975,0.000671114983648864,-0.000254513585342011,0.00725740227022138
0.0210246420401022,-0.00664551929794785,0.0216023270053551,0.0123812900806759,0.000286556438639872
-0.020120224422225,0.0142452381683898,-0.00444535439473696,-0.00449945930993718,0.00423851949513673
-0.0296027726560363,0.0082062716059151,-0.00432749257604019,0.0101233196384918,-0.00640279891488115
-0.0387234074169743,0.0214392795620506,-0.00461542941589294,0.0152809337951862,0.0064648122670897
-0.0129331624147456,0.00925486340908913,0.00362922168001922,0.0130978102921127,0.00333459388391517
0.0279812973371208,-0.00160057502645732,0.00424456758509438,0.00061713786699765,0.00034272391960192
-0.0277234144573242,0.0142198802335427,-0.00672043090252544,0.00156905963178363,0.00163293258724137
-0.0238461505091375,0.00455474143008583,-0.002695924824597,0.00719926315316405,0.00470452116534777
-0.0202180541419441,0.0124609811691583,-0.00725660312856184,0.00496222457259522,0.00590559873951237
0.0657806864959974,-0.0397815612070908,0.0418231195976354,0.0149805155959179,-0.00327586984362768
0.0199040776392556,0.0157146769181563,0.00900388698882726,0.00796049299785886,0.0105326742699119
0.0949310671514283,-0.0120404817665439,0.0217495443383854,0.0105119862310945,0.00350545299828601
0.0544760340102735,0.0156133817469089,0.000999578960242403,0.0163526932886971,0.0107788705467202
0.00346878544930274,0.00631280301741628,0.000183827614517503,0.00745752452109925,-0.00775145074184201
0.0428922756439515,0.0168496491411224,-0.00276996795869014,-0.000427828690265812,-0.00460647015934028
0.032708308152015,0.0137033540428018,0.00982881771088443,0.0102502918724272,0.00998736269015421
0.0294534383220732,0.0109388324795223,0.0117955307067621,0.0177826168659975,0.000670587324986913
0.0509816966396645,-0.00271999951570248,0.0148832191533513,0.0221821335992137,-0.00133988695003976
0.0339638794823773,0.0320396504518592,-0.015673368862165,-0.00880168759653744,9.36656275370621e-05
0.02709558760961,-0.00528340534672495,0.000274080354330645,0.0020260730728413,0.00220025126653159
-0.023241108947284,0.022283382010898,0.00727137446438209,-0.00144549580517663,0.00333256316785828
-0.0213956478690052,-0.0117983475881392,0.0136825318730599,0.00395242082515061,-0.0114677615280606
0.00845252233072341,0.00121560879198898,0.0163717074169327,-0.00126790393668266,0.00969462837583974
-0.0403845646756538,0.00052391167060902,0.0131652863414079,0.00831508564703706,-0.00693971704202275
0.0284219663655334,0.00673054147852168,0.00210452074685192,-0.0027399026455683,0.00288711606702102
-0.0142025368917155,0.00770089241128267,-0.000442971620335126,0.00303251770981148,-0.00367444502221404
-0.0142150654738905,0.015943942548453,0.0026771350484218,0.0139838508973976,-0.00995728196023734
-0.0437467171092844,0.00181353971418032,-0.00653452300693007,-0.00203609358680505,-0.00154704194666677
0.00579625731092185,0.00160094491363016,0.00479443764672669,0.00493344757909831,-0.00168618566892003
-0.0103032193224217,-0.00355339358515835,0.00315321228576773,0.00104568863388468,0.00119216177011001
-0.043555469145343,0.00845799443847767,-0.00910528538059493,-0.0113058330111492,0.00612141866844537
0.0138484301949709,-0.00884775125615723,0.00771389084832495,-0.00721974973468583,0.00735477593535731
-0.0298056857393414,-0.00609280278282593,0.00520928165999915,-0.00168938741093593,0.00701371860459057
0.0769942764546003,-0.0199698577216523,0.0261671272405488,0.000894526099406645,-0.00598881344992099
-0.00322201963051299,0.0111913063940859,0.011179572802886,0.0113178855490241,0.00435972975820336
-0.0134701658369877,-0.00448117129830857,0.00666824650511648,0.00530149765554662,0.00570658331120343
-0.0156431346409554,0.0025088336311573,0.0114339962066496,0.00468772800166156,0.00661834333829137
0.0101072036758875,-0.00958418811982415,0.00884418227576881,0.000411856359484961,0.00548906154275348
0.0763443631407784,-0.00102685557744154,0.00894928907813037,-0.00991271427593508,-0.00145518433425879
0.0132216604192608,0.00571884810024434,0.00171590943289458,0.00690798366448942,0.00153753799374214
-0.0115307400306651,0.000538938939580536,0.0108016107526451,0.0124067280916459,0.00309815478689057
-0.00689681412487717,0.00359465088706556,0.00849852294489423,0.00737002391160683,0.0101816032606789
0.0278258164005058,-0.0222482804427331,0.02068957082407,0.0104169153582025,0.00850032954554231
0.0114521738812486,-0.00141156036074741,0.00828534080381506,0.00396208706102314,0.0115192718113458
0.00814881451671539,0.0139833846349788,-0.00414669641857664,-0.0150557504803057,-0.000980015226060866
-0.00753064392091181,0.00427054072014626,0.00305532886458522,0.00696575399285812,0.00191191741536343
-0.0410616593143645,0.00119468659446942,-0.00257950913459062,-0.00155855295320398,0.00372029212501571
0.0230369916716457,-0.0135996047078356,0.0139167012871558,0.0160541186721288,0.00411905875920172
0.046669934440452,-0.00964455521363443,0.015342797718535,0.00555211507889331,-0.00110356464831554
0.0268379640230165,-0.00666861332656752,0.0134603059228085,0.00172968473423138,0.00240806587634048
0.0123132073445048,0.00427293667498014,0.00235164911862984,0.000884821411729815,0.00793866660990254
0.0484067839649383,-0.0145845904010482,0.0233303009216377,0.0174657689963292,0.00700009817383613
0.0315783978977433,-0.0086757385032284,0.0177943173421039,0.0154179294980512,0.00418702641526835
-0.000480426820126177,0.0113788595177427,-0.0126670062665092,-0.0128160895456742,0.00435091639145826
0.0276240662073512,-0.0127271719173688,0.0157521930738788,0.0135328953432584,0.00183240567108879
0.00261958641493303,-0.0025000762047162,0.00909808050397929,0.0146927719626806,0.0093440018399233
-0.0611775086052008,0.00108787672665233,-0.00112294040197869,0.000440002831088486,0.00327271683253103
0.0302882624822681,-0.0222519584794393,0.0323909671042541,0.0171889942604314,-0.0107289408697769
-0.0479191554850074,0.0249908961604555,-0.0154096325807412,-0.0216150010202666,0.0017849225426505
0.0235864340288095,-0.0206232141238822,0.0134246745199785,0.0116180907909071,-0.000337326604006253
-0.000488985733583266,-0.00981720978697014,0.00974113163493433,0.00299532617389777,-0.000626732653376969
-0.02346756561031,0.004358114726045,-0.00397169193559589,-0.00746806614006252,0.0041032738331499
0.0860377032115643,-0.0269135191796668,0.0285864887569986,0.0263170260254474,-0.00527905245002124
0.0475134358232076,-0.000625337487867526,-0.00173428023286872,-0.00857031908228251,0.00368160927517907
0.0141414695702926,0.00496865289503308,0.00539791340444467,0.015333864736113,-0.00231191791706044
-0.0217338198858081,-0.00343381428258121,-0.0104787357536348,0.00311859181610462,-0.00819357845783356
-0.00133917074375741,-0.00129564916313462,0.000168224125651889,0.00200943227966417,-0.00371640675457088
0.0205342042870852,-0.0158996302871501,0.0253749797105949,0.00649094614457165,0.00517845299975029
0.0239415455380528,-0.00845885480466261,0.0116317897651508,0.0165584622998866,-0.000123897228950315
0.0222071212122091,-0.0123139756746275,0.0158429670343257,-0.00302543085005244,0.0036517738848574
-0.0166923429397874,0.00655454931952916,-0.00969206198463873,0.000931295533584083,-0.0004041542024225
-0.206024180340316,0.00208330384520376,-0.0310186383189891,-0.0442282618246911,-0.00935536863296505
-0.0393732273983825,0.0299016563057131,-0.0101465357253135,-0.0147247661310795,0.0127586873169389
0.0500011044124181,-0.0271254846627509,0.00959036589697398,-0.0035496591598213,0.00845612036285947
0.0329145079381143,0.00523771134630319,0.0284572852038378,0.0042014901642217,-0.0066862629428751
0.0522756020665463,0.00235998652937237,0.00838182689448456,-0.00713862744673008,0.00537896934720352
0.0130260779327591,0.0337267332401425,-0.0134841359841482,-0.00463669127407626,0.0112125313189595
0.0108791728174696,0.00734742390141637,-0.000670718855987006,0.00704277056560737,0.00219379805187622
-0.0111404548971362,-0.00627119166607273,0.010358012220458,0.00580860507180656,-0.000791209355627933
0.0467907000102612,-0.00410136923390455,0.0122868097471263,-0.00824676092487878,0.00498231545071596
-0.010836967666183,0.00616328944381481,-0.000855058328499706,0.00373866124483623,-0.00219688388711677
-0.0238165794891781,0.0110734926004276,-0.00385537897054782,0.00296983358097795,0.00062650064658789
0.0189841315507707,-0.0145115177788613,0.0150641323687502,0.00194196756109292,0.00348424790807407
-0.00262763466815618,-0.0120834255221436,0.0114473031216504,0.0122881643552212,-0.00226156370606194
-0.0259260639563567,-0.00276215387242616,-0.00435097437625423,0.00161945787765058,-0.00346590982014006
0.0192823898257008,0.0017524003884028,0.00115955494453753,-0.00675485805889912,0.00630110171199088
0.0352523450155881,-0.0195556106709482,0.0180950325939554,0.014091111254457,-0.00516357223272977
-0.00279662223030786,0.0184809278408983,-0.00864943319083698,-0.00096715392526828,0.00393275973287631
0.0131185254334233,0.0015136991545054,0.00184384741009861,0.0125234818002653,0.00261836426893474
0.0291830089983139,-0.0150539111414727,0.0131443005005437,0.00590194377492098,0.00566065040518581
0.0245494876940262,-0.00860789445496168,0.00784572275438926,0.00688834447049422,0.00477263072510497
-0.0139342404890693,0.00230200906638747,0.00677266934386313,0.00374761003769542,0.000643076111994467
0.03328375836457,-0.0351636544983668,0.0257998446546991,0.018699466876843,0.00340840613381657
0.0155862255132829,-0.00267459888625043,0.00794596950511986,-0.00231796930126545,0.00506430634807824
-0.00721251499778819,0.00335768443873863,-0.00742840880156821,0.000658124181588276,0.000675114536389505
-0.0435388389724443,-0.00913452015235456,-0.00018520541760176,-0.000976313671976735,0.00403354884284656
0.00112028358321327,-0.00800551887650551,0.00601087140769517,0.00893559387990131,0.00453732727155754
-0.00270600089649946,-0.0130249288813175,0.00740116184991706,0.0102540620173848,0.00316278768928898
-0.0603546551899177,0.00821217311802069,-0.0119995910145335,-0.0145289923439493,-0.00149502673925259
0.0155251987724286,0.000413312290007771,0.00016908852698441,-0.00291633661484166,0.00245862440679974
0.0202505645124722,-0.0011140509921421,-0.00254599141482019,-0.00363618170003615,0.00362018935767431
-0.0293323852579824,-0.00142273294204914,-0.010925822571352,-0.00696970414517737,0.003891072351686
0.0484878229870369,-0.0356412126846087,0.0168536123381876,0.0110793670037709,-0.000468448383509395
-0.00457739103130906,0.00654669516474103,-0.00763573348373181,0.000602404707505878,0.00300706515316256
-0.0302030110492152,-0.00994791474671896,0.00323396000313139,0.0123094074467687,0.00348125407263477
-0.0920277067538038,0.00201687509268309,-0.0171531544651288,-0.00204558838384428,-0.00287547332903002
-0.0632790299096005,-0.00349547976568573,-0.0054849169273192,0.0131240576022109,0.00467954969461041
-0.0371436931242424,-0.0243990607285771,0.00721492382270703,0.00475695688828329,0.00811715019208585
0.0487264888558407,-0.0202827145772203,0.0159884335303491,-0.0161115228710028,-0.00182706252817656
0.0216404801322198,-0.00913364956882916,0.0126540601042837,-0.00607287137845768,0.0140208263791292
0.0527069200987087,0.00297344577628037,-0.00199929582272858,-0.0101433347373409,-0.00843635793436389
0.0702878951240758,0.0100102212844057,0.00710460899256077,0.0049442186405514,-0.00791401879291399
0.0360245373292551,0.01121966354443,-0.00436488020004503,0.00502593537122188,0.00330054479242361
0.000669837151286702,0.00770815584245203,0.00816927950217312,-0.00185061750897848,0.00263482954488603
0.0274265061598489,-0.00708872712287773,0.0108290353463632,0.00158470475775975,0.00164327056515404
-0.033280504932327,0.0116405007709361,-0.0022177134264295,-0.0093269065665454,0.00659284079450537
0.0257908882406622,-0.0173169440778011,0.0109432565834728,0.00444568824328373,0.00558290685468423
0.021755801252402,0.000384180891723254,-0.00163771995404397,0.00605377105316447,0.000902481919652795
-0.00543440052240477,0.00985699410312867,-0.00769403792267908,0.00160565751684422,0.00473656912902068
0.0120922503547193,0.00171163381373505,-0.00422245927233115,0.00782116331497094,-0.000697752056012226
-0.0348245221470787,0.00460483012454005,-0.0077732975255483,-0.0075685114163203,0.00108869857111584
0.0636003375380645,-0.0425935809860534,0.02316077653496,0.0158085626540953,0.00570959945384516
0.0430411126422391,0.0585100278282062,-0.0210971671758299,0.00252660742793181,-0.00863644442690378
0.018465893870806,0.0164834820324381,0.00347699853937943,0.0156847106544738,-0.00450252011105203
-0.0209392167545372,0.00732440437425122,0.00794550334146932,0.00516325939768032,0.00278562323085204
-0.0179078724496622,-0.0194964989080085,0.0280245970657696,0.0163315987985401,-0.00317931268878618
0.00274171310667859,0.00390411741185683,0.00472475313723613,0.0028512858382147,0.00196807365197455
-0.0284525917833106,-0.000727893101348839,0.00779396971473401,0.00655512994059439,-0.00285878921034338
0.0245535181693524,-0.00871016842943106,0.0156053584711319,0.00791255501340084,0.00276703096058429
-0.0194369522082547,0.00153961042839656,0.00416695889671062,-0.0103487346179115,0.00869811472598027
0.0122561271109572,-0.00469464915053185,0.0070585790356155,-0.00131597750400377,0.00994944946930565
0.0166815964746544,-2.5851748040524e-05,-0.00538859263243981,-0.00584180709582178,0.00609626844730185
0.048595214261006,0.00694617658354463,-0.00443254411780072,-0.000506253073643184,0.00324864941006139
0.0228977620861282,0.00749079558335942,0.00948791325299062,0.00693275192072878,0.012649551592195
0.0217382014768825,0.0193938094802783,0.00206207925974819,0.0233568886815813,0.00151975357621849
-0.00952918352106169,0.000154837893812051,0.0219064411926097,0.0291767916416949,-0.00173965851384809
0.0207473834723733,-0.000823282073862572,0.00897692070484664,0.0118978006466922,0.00691829856927852
-0.0249702147901131,0.00899501760822244,-0.00655744146288628,0.00882554352617191,-0.00574742293108381
0.0297986002630403,-0.00093782034690554,-0.00492114416894762,-0.00293449632497785,-0.00118383618513349
0.00577426730935285,0.00434972045457363,0.00277026532969381,0.0126416396164222,0.0030179666072682
0.00365533001284224,0.0123696548194477,0.00550342342188402,0.013373087808889,0.0062594475377223
0.028927406250992,-0.00506589284483071,0.00927957639101225,0.0102943833826021,0.00358899642206891
0.012056491231243,0.0140585080639442,-0.00980060666846061,0.00103572399016359,0.00363440301449597
0.0167800862191006,0.00730326413451707,-0.00540697999020019,-0.00268723363273343,-0.00728182642228153
-0.0178611857184739,-0.005012771548306,-0.00235996839758727,-0.011911272426132,-0.00487074372202267
0.0203068110556332,0.00178277959079654,0.00952764406890868,0.000313003769114668,0.0109830246413849
0.0235978918843736,0.00369571476079422,0.0050140245193652,0.0130594636706413,-0.00760348229332739
-0.00565582074088484,0.0113982502749196,-0.010088562099496,-0.0148956715277541,0.00679800098922906
-0.0364736978754273,0.00521281883137491,-0.00246245204159929,-0.00752556251993961,0.00119795693355236
0.00206922778331358,-0.00575819604111635,0.0130807235458313,0.00264160021921805,0.00578962760392972
-0.00542973662267904,-0.00866418261101475,0.00642384401134083,0.00318421958001867,-0.00772423566692628
-0.0234129786639597,0.00832232625032595,-0.000316369727360366,-0.00159783946647812,-0.000499548888297135
0.0153293987341039,-0.0121151809550793,0.0138186119464797,0.00566501597282572,0.000883080895526928
0.0349779525202344,-0.00577921884077614,0.00136560218873606,2.41470409351795e-06,9.52892293794556e-05
-0.00588331348166528,0.018167059158086,-0.0159005127232861,-0.00178805447564133,-6.48823585121706e-05
-0.00412197754352871,-0.0153634057571211,-0.000162739638813215,0.00447340183858335,-0.00603512775297846
-0.0304485486922052,0.00329015898464064,-0.0134637613548971,-0.00842342091555422,-0.00163282445854359
0.00555837293414324,-0.00687068500239272,0.00883140968379031,-0.000375691656024003,0.0116939352093557
0.00273747698300637,-0.0103267250639982,0.0153533823033825,0.00467762143101918,-0.00582787782194933
0.0246010538592372,-0.00655576795006613,0.0114177930778509,0.00547914484979634,-0.00169960658811717
0.01227787637115,-0.00785686083285907,0.00321702946211181,0.00517309479999325,-0.00184385185761228
0.0149230616059618,-0.00100162150723989,0.00432486673287328,0.0115565962382868,-0.00192362127214916
0.0123975640934236,-0.00880924530479915,0.0140064495537097,0.0111493315223698,-0.00358824677103014
0.0302465024138598,0.00432146013627706,-0.0135631982766313,0.00176604329469483,-0.00173510404125347
0.0355666343153543,-0.00331469249474447,-0.00331672568937308,0.00180000839165557,0.00449188764420141
0.0134271242125394,0.0156626614273646,0.00189644617826473,0.00621957882715861,0.000325281076226203
0.0143616590737234,-0.00732657300303752,0.0070485960251162,0.0181593793075289,-0.00547723414752023
-0.031327940726147,-0.0165335143737322,0.00450429141170348,0.00809303987069726,0.000397921715411158
0.0261750413388479,-0.0107453059782731,0.0185024261357505,0.00673404955188026,0.00339923106562215
0.010793717121863,0.00466070264968493,0.00832004081738964,0.0123287843380086,0.00629274144245179
0.00274018921654189,-0.00856042825820021,0.00796283490432646,0.0156066356144259,-0.0112883658783172
0.017531720092495,0.00194634197590198,-0.000355431384520635,-0.00715742780751141,0.00528458787976505
0.0144497361324569,0.00499467253175577,0.00805398439567035,-0.004963414617558,0.00801849816256747
0.0351248553055976,0.00862685098921454,-0.0167676320019845,-0.0116494474203025,0.00274580271822835
0.0302163091961018,0.0128582380821298,-0.00309387429243306,0.00563583762720492,0.00184048001103879
-0.0236697445071779,-0.00385340239514855,0.017822649936924,0.0101864451144794,-7.02072980220849e-05
-0.0589082180286232,0.00471040628927231,0.00927013082125647,0.00375698895299301,0.000209324829383195
0.0311717538519637,0.00141208900293437,0.000712913713267575,-0.00648217900909516,0.00499114269207962
0.0255772532760572,-0.0163852234410285,0.0021458003763571,0.00803361585287488,-0.00566321622940243
-0.00689922637804957,-0.00738792431715161,0.0228999029385604,0.021489138656235,0.00330320022656566
0.0284435756992751,-0.0228754683376579,0.0233408211666,0.0132504534921102,-0.00797425146035764
0.00422969901292962,0.0203470368668164,-0.00180200251110799,-0.00365952199922247,0.00873436827556078
0.0256529025461235,-0.0126423857949314,0.00609673282298349,0.0144844099559682,-0.0117823747964985
-0.0114252092683504,0.00422079626985195,0.0228110637344161,0.0101143254971218,-0.00146161427852531
-0.0356950314594945,0.0104803896590487,0.0016294977172153,-0.00154299431820242,0.00519023010904288
0.000145712936579995,-0.0326797109406121,0.0219728562232107,0.0156056698258293,-0.00340088875345528
0.069672686381891,-0.000475407223461705,0.000212709835447362,-0.0135721764035806,0.00199303567448712
0.0355287509132319,0.0035850066865166,0.0169350858345716,0.0124471445573222,0.00801654130733967
0.0412236920882853,-0.023053281860878,0.0189298982448149,0.0185375126245887,-0.00530243567571343
0.00906532440536459,0.0418370062597315,-0.0202420832567829,-0.0128763513251409,0.00839946960372067
0.0528465504108588,0.00745752430765239,0.0125784051618622,0.0115536315023193,0.00520019867347664
-0.0296891872349776,0.0145191010941105,-0.00194835730931257,0.00458198636551034,-0.00229905079054821
-0.00151352022713807,-0.0227685925809032,0.0252154195269402,0.0146038519934992,-0.0017938746782315
0.00294826176506118,-0.00515168924909017,0.0198118967293822,0.0164629455723498,0.0106170671217857
-0.0090725578199629,-0.00590816739652339,-0.00299501625773727,-0.00102835797082017,-0.00993778166180085
0.0517689821271599,-0.0161201546277249,0.0148557171807949,0.00395620250269851,0.000894300977346833
0.0318415078414953,-0.00763048612658881,0.0154024624126594,0.0141233316803383,0.000237208731465414
0.00617584417094774,0.00446281309931471,-0.00176882016896587,0.00535358940837612,-0.00492411831794137
-0.0358522566388184,-2.50829841512127e-05,0.00549469921363593,0.0071703648395311,-0.00344631031529891
-0.00226928271629861,-0.026104592512302,-0.00104671597182914,0.0171523780563948,-0.00685933807510615
-0.0482767929240594,-0.0170258468546777,-0.00250581882425848,0.00952214399376266,-0.00736976627869086
-0.137889261412844,0.0102625986101971,-0.00950031634380168,-0.0120070406086739,0.00600880906780682
0.0375956999795649,-0.0182472144218418,0.00254803137831685,0.00244200333391047,-0.0109845978135337
0.0365165087293324,-0.0296029969314201,0.0187881079186978,-0.00315358223417622,-0.0145027161289729
0.0426650184124539,-0.00989790222282804,-0.00127778172208174,0.00825884131599786,-0.00842629295628495
0.0311571405107916,-0.031233799597551,0.00323141563573839,0.0135571525268982,0.00555997749513183
0.0108563063173285,-0.014905102166324,-0.0312247791971933,0.0112320779063715,-0.0277328426234941
-0.0507925852811207,-0.00506857888351063,0.0026935652583318,0.00624523414689847,-0.0087960842433204
0.00159067481813952,-0.034049689611426,-0.000576983922460697,-0.000523701866291883,-0.0121844429033477
0.0587895481919147,0.0189436629640244,0.0145707715036938,-0.000526898716972385,-0.00336245354881925
0.00994003044831023,0.0250131273287605,0.00499750072979921,-0.0124309984393671,0.00848901347371309
0.0396831445768984,-0.00596071786663158,-0.00310354212882887,0.00357682383115339,0.00267515820152075
-0.0124262288500341,0.0220345926292209,-0.00910400082183093,0.000420729795679321,0.00391273617305696
-0.0269309923603828,-0.00893085992323034,-0.00964992406264721,0.00771683338129957,-0.0052392192425375
-0.013607990783225,0.00192579556190362,-0.0261601528850152,-0.00864703578730243,0.00439020760542034
0.0065586773107231,-0.0511803858702978,0.0120414991010803,0.0168611026367341,-0.00562398387444646
0.0432437710053254,0.00121092219786572,-0.0414055672725112,0.000421562909679818,-0.0113709477202296
0.0621460897541185,-0.0183523391467904,-0.0520177870248079,0.0280003778019263,-0.0123954763470087
-0.0132123953868081,0.0424513064935027,-0.0148889180616648,-0.00291965495339105,0.00439491151216212
0.0899881381077945,0.0532417428715094,-0.0905140778187144,0.0128145788924462,0.0110837618237287
-0.0253767970406873,-0.0604434465829214,0.0688456723435055,0.0111275999103891,-0.0115241151004882
-0.0566444844891336,0.00530919848263653,0.0316103005699319,-0.00776763053772214,0.00657925292005662
-0.0384030415921582,0.00365948540661564,0.0243489894380031,-0.00780647116489123,0.00571412124754889
0.0624400735446265,0.0209647772778724,-0.0490964681373623,0.0120743866101454,-0.00417315505734185
-0.017636447182299,0.013856066580162,0.0312990519165271,-0.00087900734619878,0.0124610233813877
0.0410087924537099,-0.0185327166134784,-0.00283178384318036,0.0252107411076395,-0.0120577296261958
-0.0361159088963781,0.0265497025892461,0.0138808514060106,0.00959834126962006,0.0117025880920824
-0.0285424144120562,-0.00429522032145413,0.0303965700298738,-0.00319826423404855,0.0135565701734099
-0.0669196823679622,0.0403023929917515,0.0390017597814347,0.00499479546255122,0.0344553029820263
0.0310583643570277,0.0269157290981331,0.00843401200207821,0.0343786770350875,0.0107300035392225
0.0509330457457344,0.0148208357651997,-0.0129513639857568,-0.0483660568456708,-0.0370518135185387
-0.0435154065730076,0.0591250539819137,0.0420887022558124,0.0175456659368691,0.0437096057244235
-0.037178277014341,0.0386997275266669,0.00746456363852075,0.0224811306712576,0.0215556775954234
0.0505218552034977,-0.0292533422108943,-0.000650882493637093,-0.0148190574043311,-0.0173003418992094
0.023850091158277,0.0299778832148674,0.0113875393060139,0.0146495294416271,0.00300252288831009
0.0136650754638675,0.0344327807993018,-0.014640085723093,-0.00784652291254489,0.00661663257292054
-0.0227520855323302,-0.000857401857447229,0.0200561547544739,0.0147701836591758,0.00886789651674109
-0.0359413631565955,0.0339390718930682,-0.00758715454572454,0.0123897459987461,0.0101700439837052
-0.0855149563623297,-0.0107190198472854,0.0056600234264148,0.0105404785976482,0.0223626310634443
0.0322383310299871,0.0191538817633159,-0.0353972589090629,-0.0199038818793233,-0.035157615152915
0.0520924239798682,-0.00638644867258054,0.00915190916475731,0.00262085731917349,-0.0205684969092103
0.033023404301709,0.0243719776045135,-0.00379439341000716,0.00516041799039399,-0.000452394272057363
-0.00560124786529147,0.0196907446701264,0.00266898229533652,0.0108817623201617,0.00354833203226304
-0.0168086242798868,0.00566756975006612,0.024398741200691,0.0184763343026123,0.021421286748878
0.0458539981221245,0.0205502708254989,-0.0123452773366586,0.015443083576757,-0.0181632290592023
-0.00702618803116378,0.0461578024685831,-0.0029776353333107,0.015851045932588,0.0233650181929861
-0.0205893266921515,-0.00606119914478444,0.0144350089307516,0.00863881470085106,0.00875178773072033
-0.0334236550968992,0.0315358408031387,-0.00632878130355221,0.00132208721116198,0.0221066294503671
-0.0940274843863108,-0.0226006568691075,-0.0110557038936179,-0.0140657124981399,0.000448345910990625
-0.00127439253083392,-0.00357137464145831,0.00722394123920386,0.0106888710542524,0.000782966845499561
-0.0657358734263871,0.030839334725698,-0.0260237852045635,-0.00812590979538286,0.0203258949253609
0.039480973985025,-0.0330942854720931,0.0195988835004323,-0.00362735833964262,-0.018093447370889
0.0619255681373369,0.0067827831823142,-0.0142285024520048,-0.00469126951699467,-0.0423980596257069
-0.0388445566303808,0.015816945734084,0.00510748565402965,-0.00381800033289061,0.0209372853167927
-0.0159227112820003,0.00573852929990058,-0.0121471486696686,-0.00536808766355656,0.000486714257343637
-0.0213620264715471,0.000115361831743502,-0.00826485879309185,0.00158990875298064,-0.00318478759857568
0.00916458216351061,-0.0016506452756393,0.0011348525417131,-0.00102207779849392,0.00451909235799062
0.0690961462737714,-0.00342434649129948,0.0132125164681855,0.00581814999637998,-0.0181565871779168
0.0675727635839093,0.0179943398755911,-0.00660879515855279,0.00866655869303302,-0.0234764246662804
0.0193927158299165,0.00270827788953742,0.00283910456259203,0.000519847436941696,0.00319522482730291
0.0361245932764131,0.0208993619878594,-0.00828593244834426,0.00169184144986172,-0.0018510236782965
0.0306875875617524,0.0110751749189792,-0.00353286104342497,0.00660455694288997,-0.0033341659945417
-0.00758521913306321,0.00660761156126121,-0.00215883091866695,-0.00259004798194244,-0.00140055823090479
0.0578307707775297,0.00648027875981372,0.00493828034185094,0.0217410924335735,-0.00450570261656179
0.0212652640198248,0.0136062610994917,0.000806327587144908,0.0102966624818684,0.000347894356666202
0.0262927447733737,-0.0135330007427501,0.0287863833217579,0.00155338795947596,0.000342613585459194
0.0274058728564987,0.0147861858073438,-0.00724197770279373,0.0140006841729003,-0.00662233496036004
0.00628575278212286,3.33349318817592e-05,0.0113215780982748,0.00430339994564781,-0.00141329393537754
0.000951277755824474,0.0127655483852608,-0.00157169599143773,-0.00130797659725888,0.00744754166532337
-0.0255934420658519,-0.0105654898656754,0.0105366043176655,-0.0206831008174068,0.00528808764523782
0.00996474407560442,-0.00576685194143265,-0.000465275896443491,-0.00074631241008402,0.000982946085631978
0.0250431036069834,0.00980985721462822,0.00367987600783511,0.00758937279055758,0.0048396218186869
-0.0382548592616748,-0.00515653990394115,0.0159456979699169,-0.00859343041577885,0.0112896117778085
-0.00498431355543313,-0.00247971991287746,0.0109850819368025,0.000695455602943693,0.00440432918038409
0.0277850394983384,0.00965726003183751,-0.010293215708543,0.00467348386868762,0.00338839222427266
0.0130469360413395,0.000606774800588122,0.00308003942496203,0.00270104123769676,-0.00348372192711726
0.0548407715116584,0.0141412916048476,0.00304078356392147,0.0127106518024819,0.00564822763210361
0.0276043439129439,-0.00200196744217183,0.00768161480071107,0.0027718022077599,-0.00517329729773522
-0.0233229898284439,-0.00130217702048931,0.00126149278189834,-0.000617932385298855,0.00667895831211898
0.0133276214562892,-0.00363209503174642,0.00294209095227138,0.0137896703936728,0.00128169130355802
-0.019181343118369,0.000630830447761468,0.00607932837293396,0.000907861524213208,0.00173561125892504
-0.0383777771910663,-0.014036263321959,0.000166465377871853,-0.00306283387101276,-0.00510838396692118
0.039086067935243,0.00566777682780586,-0.00192348947621083,0.00413220365639611,-0.00264355911718286
0.021582213559768,0.013510408986851,-0.0019497314412644,0.00322511345543492,0.00758245470972726
0.0414398864060174,0.00468380391803331,-0.00129349347944322,0.00663930855369634,-0.00289178828603487
-0.0109295049668947,-0.000515357790789812,-0.00267678591766793,0.00602485717059819,-0.000500416341195006
0.00253338080708203,-0.00389052901679312,0.000273818279760346,0.00733053103507121,0.00465011209334958
-0.0186571190436684,-0.00222330517347367,0.00456498659354238,-0.00904870802859418,0.00391636403264568
0.0300689675909086,-0.00113358319190497,0.00652267991761792,0.0048132543963213,0.000301090590091615
-0.00395691943139966,0.00213466394692298,-0.0038015516740432,0.00334303030655825,-0.00391905700241525
0.0473350766052964,0.0193204616487841,-0.0111811270285066,0.011536896091511,-0.000146872845559653
-0.00564822038628319,0.00176264941689154,0.00203839967285287,-0.00244597110805512,-0.00454329664694488
0.0280311370090383,0.0138083047992179,-0.00158339967051839,0.000886307766750836,0.00566896823519884
0.00339266612089117,-0.00456513449562671,0.00582707131057482,0.00201482018995186,0.00437406849072769
-0.0349317300684373,-0.00253784978440055,0.0103329854252186,-0.00857788005024998,0.00417869115474446
-0.00328795060589328,-0.00092990504123565,0.0018457086657321,0.00419085811806451,0.00348830225930495
-0.0226325508601384,-0.0149909973170063,0.0107708847059633,0.00645580380604808,-0.00365807845436098
0.016813647656848,0.00271287442960417,0.00358843799235418,0.00269232484502054,-0.0075523474969667
0.00758616551645131,-0.00707913884003087,0.00952360902424717,0.00464601709093923,-0.00241164741084587
0.0320041441090233,0.00346245617851796,0.00429766417925016,0.00462303684895153,-0.000782291956173634
0.0156251833166112,-0.000537690521307126,0.000985445016537694,0.000576992747815365,-0.00135711991619854
0.00700802386101553,-0.000693430175444252,0.0139656740433044,0.00555669471907293,0.00374035291234378
0.0114103120083357,0.000474566497773571,0.00236298555878011,0.00309330268362536,-0.000404396778866942
-0.00455505640716233,0.0116619571501541,-0.00393709163706266,-0.00764128243482399,0.00255667816228193
0.00516243705069497,-0.00627697391916833,0.0010013735953559,0.00171017726211371,0.00578380015408531
0.0134817443999389,-0.0153441369201561,0.00712761851377867,0.010846308778763,-0.00668454035310881
0.0251267896155422,-0.00982132347250521,0.0105165795405078,-0.000908269704121569,0.00677426298284528
-0.0130514053583772,0.00410828573262155,-0.0103217575961226,-0.00393169155218469,-0.000480980737948736
-0.0442735342207716,-0.0166549903886342,-0.0142981051731977,-0.00595863579488906,0.000834024108556196
0.00388746444589831,-0.00801854907058767,0.00333137143907169,8.51771669746765e-05,0.00417730340845583
0.0102002823726689,-0.0217639595517878,-0.000323028610237405,0.00916081132330168,-0.00148225136911227
0.0129535665336746,-0.00889380435826283,-5.45831756812469e-05,0.0101777646202191,0.00776965694139984
-0.0497263101821379,-0.0149917737903007,-0.00194950790639291,-0.0124559093763369,0.00905718940474541
-0.00218294122808756,-0.00924509463231545,-0.00273825020910727,-0.000732477364125492,0.0149089602851409
-0.0457891962430615,0.0171357490015073,-0.00146333931209663,-0.0192846947714522,-0.00913122967508497
-0.0263316627866423,0.00730465125548932,-0.00491521613998397,0.00196213241823669,0.00186149360461993
-0.00021158976864577,-0.00614663247679491,0.0019060158117618,-0.00920948072806331,0.0191635875834909
0.0262343765064648,-0.0184063077723875,0.0098736594588189,0.00316477739346845,-0.00424813500220532
0.0268533776957267,0.00674768633078379,0.00235793990266458,0.00113197588327408,0.0149566664865182
-0.0567245052255198,-0.000338058099033089,-0.0270552249698879,-0.00784260573124346,0.0279353638601254
0.0155818634765034,0.0305512947247377,0.00937868332112234,-0.0105730306034088,-0.00121104171791547
0.0306696240001245,0.0160430908603628,0.00892828004214163,-0.00233793835023922,0.00210861336703159
-0.0640599162363504,0.0182135728077843,-0.00565827884492349,-0.0150259079134855,0.0135660358414752
-0.148333577058289,0.00853981089005984,-0.0458054384862759,-0.0108887978594643,0.00420137429601148
-0.0840559904643445,-0.0207548675682338,-0.0149394898096896,-0.00878876279617693,0.0162868812514037
0.0316945748822376,0.00516644080611975,0.0103321180619087,-0.017372783383732,0.00199301798773421
-0.0797247798234081,0.00234885453527749,-0.0334864325021335,-0.019024174414133,-0.0140202199383802
-0.0843083434272519,-0.0048210118266268,-0.0312404191927692,-0.0190789230273321,0.0114679852968002
0.0734836689121482,-0.00205296526059549,0.0188179115542443,0.005805171512981,-0.0261817296818931
0.122039781326347,0.0304984699751159,0.0177765668440705,-0.0268754445204066,-0.039308152679334
0.0241848025021435,-0.0131452037951875,0.0019708420982852,0.00518223341698443,-0.0321968335009609
0.0148870305996576,0.0144808178414133,-0.00391641126973164,0.00523644326327817,0.00459433064712511
0.0736741611427408,0.0111367466793047,0.0218356268305744,0.0131970416531057,-0.013454808805462
0.029701419308738,0.01228464563352,-0.000219556099918304,0.0156380941227977,-0.0305854909116778
0.0454742542415142,0.00714449263313292,0.00466156283917361,-0.00125582808714846,-0.0039858065176833
-0.0423374415733971,-0.0215275845076722,0.00883331551375698,-0.00307090886736419,0.00730590426305484
0.0286025792489989,-0.0251693842600231,0.0142198761037649,0.0100146541061263,-0.00415927253663889
0.0462967921829041,0.0200624456650459,-0.008907301053174,-0.00200303554601783,0.0068425919311065
-0.0191582226899782,0.013922899839678,0.00380196868650589,-0.0130542882712213,-0.0015551160431812
0.0348938158160308,0.00703162342227378,0.00845470850342049,0.0123715462078379,0.00236154537992127
0.0563913314855653,0.00420607455838224,0.00682162798206251,0.0200172805568496,-0.00657363224189945
0.0373138588013545,0.0255713149303164,-0.0048467395044715,0.0135172904808567,-5.55854492929881e-05
-0.0580046833555635,0.00620488549808165,-0.0135755689834876,-0.0231781028148915,0.0103207738521793
-0.0523831112758665,-0.00447894915040983,-0.00302293014082057,-0.013382528233038,0.00521709057081471
0.055434703290649,-0.0119075283064795,0.0147554687111046,0.00924654804261066,-0.00121642318393568
-0.0535609234973338,-0.00736401844690725,-0.00729683635456902,-0.00637132975590905,-0.00244902275415766
0.086131562352538,-0.00196595609280842,0.00827142014576138,0.0133380657217338,-0.00261921483432424
0.030777900358776,-0.00418483049692289,0.00393608631229579,0.00469655740788841,0.00188417012787636
0.0212031458121759,0.0153713249376745,-0.00408696758531803,0.00200519900234356,0.00907471979989807
0.0599713990689577,0.00307987543440867,0.0171701728669426,0.0181326513033363,-0.00817682879424069
0.00593010905833026,-0.0119527875429219,0.0112677839179527,0.00791845715771776,-0.00140691462974307
0.0338976874612933,0.00449420196780467,0.00845309379734231,0.0132067249929595,0.00391969623268459
0.0126495759475816,0.010148636998626,-0.00582034022282295,0.00350492388917994,0.00543548499899095
0.0180630901574326,-0.0122614423655764,0.00902616171116126,-0.000995808155092618,0.00521916099968168
-0.0157408851756199,-0.00560701793502452,-0.00153169099701186,-0.00808604090646817,0.00160449014658088
-0.0135478734022698,-0.000348527831620316,-0.000769643071884303,-0.00651247250839953,0.00789971769436665
-0.0281525630207774,-0.00819533590379641,-0.00963248110968538,-0.00895903517667795,-0.000693488264258642
-0.0630366678270549,-0.00995902487982445,-0.00311871609083248,-0.0138415373031164,0.00578041852101065
-0.0804925776879861,-0.00525949552930181,-0.0134610061246223,-0.00641074446118933,-0.000725496910573348
0.106506806080637,-0.00353649170609125,0.0273587760029586,0.00400040769568121,-0.000571923424178216
-0.00315427117295065,-0.000846544761530724,0.00782927954392549,0.00288673298827389,0.0111060681474428
0.00445763000744209,-0.0004550804787604,0.0062316224410661,0.00866898151455224,0.00323009921051699
0.0472611158643988,0.00919777038432931,-0.00359698053455344,-0.00144544175944994,-0.0234343274626114
0.0251181791032664,-0.0159388052164756,0.0071551423149583,0.00833237321855912,-0.00813897424812872
0.0198926029956781,0.00110165088193037,0.00628799351894155,0.0178270002748615,-0.00601479667317449
-0.0108536843217671,-0.00154944079264467,0.000476631527226249,0.00638410255160021,0.00400678128679901
-0.0487372340506106,0.00540604899456034,-0.0139459450723868,0.00141929203156657,0.0119100014818339
0.0313096694552436,5.93008324704337e-05,0.00961378031610922,0.00935157323882622,-0.000734709729795763
-0.0078670161874707,-0.0180852756781803,0.00955557402258356,0.0059493294045584,0.00634488693099689
0.0236140656608618,-0.000364161728242132,0.001317064968788,-0.000306881686619393,-0.00952371556847841
0.0247681378751579,0.00188939312965638,0.0093289661126079,0.00614631183007603,0.00112052618035134
-0.0102223422536659,0.00563921230666821,0.00733660566505317,0.0018488414163083,0.00360836121450452
0.00821044056765268,-0.00172305968074273,-0.00277395016585662,-0.0013885495471663,-0.00086873365129161
0.0222856844611101,0.0136117661225333,0.00363829545564021,0.002233615322974,-0.00423781538397019
0.0482833479888109,0.000653263144382377,0.0117921792306958,0.0150958464917746,-0.0067180252229632
0.00884035224203417,-0.00268853211070271,0.00879970065308623,0.00455748046128512,0.00647495265301289
0.0345026838378635,-0.00074745680992305,0.00800352109365872,0.0132901015376406,0.00221294916454173
0.00192486638088181,-0.0101937524056045,0.00483667109908139,0.00899300569824377,-0.00426945412830864
0.0310265832404237,0.00731495786658984,0.00251610159183272,0.00457427994734997,-0.00703210605407399
-0.00210725076602641,0.0109917759284076,-0.00173720721218618,-0.0028782543253392,0.00469249268707956
0.0491834555735924,0.00305313401190153,0.00629272623851507,0.0130924199514512,6.10635491453678e-05
-0.0237547919708707,-0.0030714214386736,-0.0181141673434016,-0.0124611598003719,-0.00188135142872827
0.0376484784364191,0.00408052294129566,-0.00208542539989109,0.0050825836155856,0.00202949460538702
0.0252984164111987,-0.00884322313673939,0.0227089529676736,0.0110596974227338,0.00367974717052592
0.0274925802074739,0.00539879598293532,0.00315948441343312,0.010369309815364,-0.00440616562838473
0.0203772445997836,-0.00455923809420162,0.00627874142376829,0.00487593506052124,-0.00246122903557939
-0.0242437413486386,0.00513760258321939,-0.0241426662344404,-0.00379383961366713,-0.00622184332026492
0.034303409034367,-0.00624564184929527,0.0052517779100183,0.00961966322830227,-0.00161871680256174
0.00362554615578768,0.00202642358902498,0.0249663657851052,0.00344013790953548,0.00461251693325809
-0.0174354227295828,-0.0175728891177133,0.015595672780853,-0.00128665717636988,-0.000198027889206988
0.00625380993570936,-0.0120595357475324,0.00635636330586915,0.00516431416698124,-0.00139007628758033
0.0313672602796524,0.00397156800112921,-0.00672624479851823,-0.00156148958420861,0.00145020075426776
-0.0365486238515485,-0.0107595745335801,-0.000877751527961401,0.00529920917282974,-0.0127207430584476
0.0310050244163142,-0.0047477956926981,0.00646603189049078,0.00846070744236962,-0.00264946501471002
-0.03410240706205,-0.0149975135449636,0.00251353447951149,-0.00127349955665929,-1.90249820637897e-05
0.0314221475061619,0.0118640235494853,0.00311063539072778,-0.00107263107138327,0.0100131077231893
0.00449206105487723,-0.0141978804210624,0.0103802717650691,0.00710336315375428,0.000986557247171583
0.0143351606206782,0.0176932826328906,-0.00204241794961612,0.00476171781608849,0.00444719676984896
-0.0298831157853972,-0.00226160203224437,-0.0168650315179369,-0.00224430676402261,0.000834670587698078
0.0457624272430875,-0.00973486216143999,0.0149747033457839,-0.00243790754051355,-0.00203705782375835
0.00448614625041588,0.0149382485185007,-0.00826822347039383,-0.00450598848797976,0.0109753541453928
-0.00927894065973295,-0.0126904501281518,0.0123366004639953,-0.00724743376697943,-0.0129333340693106
0.0101812474834954,0.00108811112793976,-0.00215039966258713,0.00732151029859512,0.00397297016211899
-0.0015765855695432,0.0128957864000023,-0.00664742097593751,-0.00247403695642788,0.0106746624335305
-0.0141299566261673,-0.0257153756770595,0.00714923859122654,0.0190492991321796,0.00788853831550919
-0.0371695628599707,0.0144362703781555,-0.00927801478530134,-0.0135895101935526,0.000150809605008047
-0.0373857223112929,-0.00343186206246789,0.0078129811181844,0.00939707742588486,0.0100851039699425
0.0471291244987931,-0.0197237593913433,0.0209621543248082,0.0141275945399648,-0.00991964130299487
0.0163511628362682,0.0150032125674572,-0.00797537216901448,0.00267923775471215,0.00247423210731432
-0.029658174440687,-0.00910767752427974,0.000232713505212729,0.0015884966437959,0.0033083981110067
-0.0556553130442458,-0.00776479677233032,0.0152103150507301,-0.00938521735788348,0.0214942383602349
0.00579091388468803,0.00654273831995797,0.00730314397519318,-0.00669322409134882,0.00172049820099289
0.0574734980735186,-0.00800599172194576,0.0127763384842016,0.00656123932176642,-0.0132226179578632
0.016077790436607,0.0112037165942259,-0.0150873883053486,0.00904382622643955,-0.0306752459323898
0.00826248872341209,-0.00775186486077811,0.00438162077663715,-0.000400338089738096,0.0051876546951921
0.00250742579458875,0.000955358473426494,0.00298606095142315,0.00657164661251532,0.00580414484799871
0.0381401496208566,0.00558355371595255,-0.00108176411148444,-0.000442991515241017,-0.00850504846679569
0.0139299136175279,0.0133038489117312,0.00191764764657793,-0.000458962701517522,-0.00483001199503402
0.00827697035605359,0.00718760702783994,-0.0115563683586231,-0.000468312722631905,-0.00291040030086618
-0.032993347958538,-0.010036217145313,0.0151761818037759,0.00342595670643452,0.00166805389071842
0.0769481339846704,0.035066813183648,0.0162670978221265,0.00312236289599964,0.00853128360787934
0.0163372671356521,0.00433729674457057,0.0137068541791238,0.00605792533229196,0.00490439243547164
0.00511443032511676,-0.0127451482735848,0.000719477845158635,-0.0005071969849826,-0.00837424060324327
0.0136517661338517,-0.0178707119608271,0.0110478504696158,0.0018319073140453,-0.00387665116755899
0.00342631527770952,-0.00298909625763349,-0.00277326511182373,-0.00822084096838591,0.0038146591625159
0.00640937663737263,-0.00439274401236858,0.00161440621270188,-0.0014757105180412,0.00454498801581144
-0.0113493999206928,-0.0201028892604113,0.00216206570405104,0.00392767556657819,-0.00264216702745954
0.0171426313162832,0.017445817473675,-0.00217574575896555,0.00167796121112413,-0.00283678309397553
0.00734676990062431,-0.0114435108979708,0.00630293225378955,0.00488597652149667,-0.000248740526219334
-0.0121772154674462,-0.0142254965652744,-0.00092899283186879,0.000740819446225375,0.00108836876294008
0.0458894040728316,0.0246837763456149,4.20741578021865e-05,0.00544531038346609,0.000517545514688601
0.00659191539601362,-0.0157788582407594,0.0161710539872397,0.00778842978492917,0.0113401750659372
0.0244022981130556,-0.0023632794609118,0.0115374769764705,0.009826155397032,-0.00304435489675838
0.00680451903701089,-0.0058322769405993,0.00126676186292916,0.0048955114199256,-0.00585193676741877
0.021047914477416,-0.0200946943542112,0.0151108510244801,0.0209387246862548,-0.00708884152306453
-0.0320582414336642,0.00335577517940811,-0.0131636164424128,-0.00584690172926424,0.00485496316172628
0.00360142448738136,0.0203256801040694,-0.0121244597789606,-0.00897656177634134,0.00528510075221512
0.00919458083056862,0.00572383871315975,-0.00133237711844717,0.00762449777546053,-0.00204205900655765
0.0359088807936528,0.0157972947158219,-0.0164262325374594,0.00781662265782582,-0.00170312673794783
0.00779703665490238,-0.00194808983010741,0.00466466926706749,-0.00830900865456094,0.00446933130408183
0.0151227108544276,-0.0117898531003945,0.0206544306214155,0.00426818240041345,0.00267076332137323
0.023470038636972,-0.0105170891992646,0.003350519701806,0.00297840720100463,0.00980023162353674
-0.0118609297796066,-0.011782452070049,0.00625173376794927,0.00241042815268894,-0.00202870711937785
-0.0770854174962684,9.91755282749095e-05,-0.00232158035868019,-0.00624191577845214,-0.00585384760645198
0.00912655796896433,-0.00761471624172819,0.016307869551233,-0.000433044364368095,0.00615966133823332
-0.0867635282281245,0.000733716310055307,-0.0229803620433941,-0.0117882688706187,-0.00184578454669399
0.0789308241224559,0.00303342552012764,0.0143019138738001,-0.00102140584776787,-0.0137976420819382
0.0333513165965199,-0.00276666016306894,0.00126368512340997,-0.00159441324995046,0.00434618280059575
-0.0104028095313884,-0.0243406098253603,0.00112368384695337,0.00384018657064704,-0.00260830197324435
0.0258698461074769,-0.0126052135997051,0.0274433162176108,-0.00063101659332713,0.00856651140501904
-0.0622482053030378,0.00207438481036833,-0.0164142852063272,-0.0038707603088843,0.00692085522972494
0.0539405489923281,-0.00743495720899695,0.0170067233458682,0.00478397458993114,-0.00254498382238299
-0.00320120492246255,-0.00557786017099227,0.00777522022284444,0.0157143775167107,-0.00314318535503641
-0.0365967458489568,-0.0161224769436727,0.0015371406564602,0.00141710092161998,0.0139755321548456
0.0188210685823143,0.0132642421975249,0.0228720057489592,0.00235145252540286,-0.00266977628866121
0.0127158656892531,-0.00555106512113154,0.00641771121246647,-0.000743916754823374,0.00584074333800028
0.0266490844068542,-0.00572828319825467,-0.00344085288982753,0.00415512721515672,-0.01145146116776
0.0271231743042524,0.00508874054030829,0.00460722369882632,0.00489983234684749,-0.00511201996663234
-0.0275814187703113,-0.0181817935835639,-0.00211803639592478,0.00774374028413462,-0.00534228434532702
-0.0639777394957598,0.0059911193682918,-0.0365210831805532,-0.0211348643666165,-0.00746284045730011
-0.154662090947695,-0.0282418553913776,-0.0395663671290149,-0.0155487038708841,0.000981864332453023
0.116870085607327,-0.00463087698740407,0.013937411382962,0.0090225758536893,-0.031377942395994
0.0464159619300958,-0.0117902422592586,0.000380784693665835,-0.00173399962004865,0.00373450099770692
0.0215324006745111,0.0112575062393816,-0.00952599669629368,0.0121643408684677,-0.0149443307486576
0.0302374301013704,-0.016222100466871,0.0178352104303002,0.0278802212286225,0.00543434190084869
0.0585612929725734,-0.0342583439274117,0.0181441081517955,0.00648234860874822,-0.000473067036527939
-0.0283579582694668,0.00360416926530821,-0.0080044156250097,-0.011880003860939,0.010660453470292
0.0116213081833569,0.0257497369408817,0.00911836810958866,-0.0188679986933086,0.0213826455302402
0.123572178660777,0.0214756336741998,-0.00372224950830336,0.0162653852371671,-0.0423658165519285
0.0492603653315445,0.0241005480983825,-0.0115443325768815,0.0114237508894577,-0.0130295952838503
0.0316851914699418,0.0436438056471363,-0.0406723652988605,0.0225610715677309,-0.0180229531728547
0.0443996467775514,0.0235561383761867,0.0136048156717691,-0.00375617939097797,-0.00351739230168468
0.021984260038692,0.000797097004687858,0.04413583630965,0.00697032408538502,0.0100575476238979
0.0217020938383561,-0.018489332359244,0.0208042183861902,0.0102515829847833,-0.00435771830867839
0.0129345191583452,0.00459636102641267,0.0230063287046417,0.00121206399651268,0.0173441975304085
0.0163042291351048,-0.0136003624391914,-0.0179190933604704,-0.00191644099645542,-0.010938739129112
-0.0169517401937838,-0.0242879117127595,0.0245533371061697,-0.0032409068067783,0.00551570396068402
0.0154252029776543,-0.00745223988687026,0.00450136596666946,0.00947827792518466,-0.000833277839558516
-0.0169205866983401,0.0162287244535089,-0.00400942319947991,-0.00581356160017752,0.00930229351446897
0.0458228604631007,-0.0303896729011225,0.0348518521177208,-0.000651986014555877,0.0226323967407074
-0.0226475194920398,-0.00882865771598357,0.0119155582984109,-0.00537815986563633,0.0127390744130181
0.0188040568097107,0.00231613800237707,0.0310773500246299,0.00976509455934112,0.00898679193397255
